ClassID	ClassName	CommPoint	DBLDay	Desc	DropItem	Item_Enter	Item_Play	Map	MaxCount	Name	Npc	PreProperty1	PreProperty2	PreProperty3	Property	ReadyMsg	ReqAR	ReqDR	ReqPromotion	Rulletlist	Script	SuggestMax	SuggestMin	Tip	Type	Value
1	mission_rafflesia	0	0	None	None	Live_Missionenterpoint -1	None	fld_coim	0	<$>225883</>	MISSION_SINGLERAID	None	None	None	None	<$>132048</>	66	66	2	GLimit_PRIVATE_MISSION_RANK1	Check_Mission_Day	-3	0	<$>132078</>	Solo Mcc3 Rep Rank1	0
2	mission_dun_alq_boss_v	0	0	None	None	Live_Missionenterpoint -1	None	fld_coim	0	<$>225896</>	MISSION_SINGLERAID	None	None	None	None	<$>132048</>	62	62	2	GLimit_PRIVATE_MISSION_RANK1	Check_Mission_Day	-1	0	<$>132054</>	Solo Mcc3 Rep Rank1	0
3	mission_dun_jaq_boss_v	0	0	None	None	Live_Missionenterpoint -1	None	fld_coim	0	<$>225890</>	MISSION_SINGLERAID	None	None	None	None	<$>132048</>	64	64	2	GLimit_PRIVATE_MISSION_RANK1	Check_Mission_Day	-2	0	<$>132100</>	Solo Mcc3 Rep Rank1	0
4	mission_dun_ttr_boss_v	0	0	None	SilverPiece GoldPiece LumpOfSliver LumpOfGold LumpOfPlatinum EleCrystal	Live_Missionenterpoint -1	None	fld_coim	0	<$>225889</>	MISSION_SINGLERAID	None	None	None	None	<$>132048</>	61	61	2	GLimit_PRIVATE_MISSION_RANK1	Check_Mission_Day	0	0	<$>132050</>	Solo Mcc3 Rep Rank1	0
5	mission_dun_ust_boss	0	0	None	None	Live_Missionenterpoint -1	None	fld_coim	0	<$>225869</>	MISSION_SINGLERAID	None	None	None	None	<$>132048</>	63	63	2	GLimit_PRIVATE_MISSION_RANK1	Check_Mission_Day	-2	0	<$>132086</>	Solo Mcc3 Rep Rank1	0
6	mission_griffon	0	0	None	None	Live_Missionenterpoint -1	None	fld_coim	0	<$>225886</>	MISSION_SINGLERAID	None	None	None	None	<$>132048</>	66	67	2	GLimit_PRIVATE_MISSION_RANK2	Check_Mission_Day	-2	0	<$>132078</>	Solo Mcc3 Rep Rank2	0
7	mission_private_jaq_under	0	0	None	None	Live_Missionenterpoint -1	None	fld_coim	0	<$>225895</>	MISSION_SINGLERAID	None	None	None	None	<$>132048</>	62	62	2	GLimit_PRIVATE_MISSION_RANK2	Check_Mission_Day	-1	0	<$>132054</>	Solo Mcc3 Rep Rank2	0
8	mission_phobitan_boss	0	0	None	None	Live_Missionenterpoint -1	None	fld_coim	0	<$>225872</>	MISSION_SINGLERAID	None	None	None	None	<$>132048</>	64	65	2	GLimit_PRIVATE_MISSION_RANK2	Check_Mission_Day	-2	0	<$>132100</>	Solo Mcc3 Rep Rank2	0
9	mission_chainrush	0	0	None	None	Live_Missionenterpoint -1	None	fld_coim	0	<$>225884</>	MISSION_SINGLERAID	None	None	None	None	<$>132048</>	63	63	2	GLimit_PRIVATE_MISSION_RANK2	Check_Mission_Day	-2	0	<$>132050</>	Solo Mcc3 Rep Rank2	0
10	mission_PasiarCaptain	0	0	None	None	Live_Missionenterpoint -1	None	fld_coim	0	<$>225873</>	MISSION_SINGLERAID	None	None	None	None	<$>132048</>	66	66	2	GLimit_PRIVATE_MISSION_RANK2	Check_Mission_Day	-2	0	<$>132086</>	Solo Mcc3 Rep Rank2	0
11	mission_uraeus	0	0	None	None	Live_Missionenterpoint -1	None	fld_coim	0	<$>225885</>	MISSION_SINGLERAID	None	None	None	None	<$>132048</>	68	67	3	GLimit_PRIVATE_MISSION_RANK3	Check_Mission_Day	-2	0	<$>132078</>	Solo Mcc3 Rep Rank3	0
12	mission_sharffen	0	0	None	None	Live_Missionenterpoint -1	None	fld_coim	0	<$>225882</>	MISSION_SINGLERAID	None	None	None	None	<$>132048</>	64	65	3	GLimit_PRIVATE_MISSION_RANK3	Check_Mission_Day	-1	0	<$>132054</>	Solo Mcc3 Rep Rank3	0
13	raid_hellvally	0	0	None	None	Live_Missionenterpoint -1	None	fld_coim	0	<$>225880</>	MISSION_SINGLERAID	None	None	None	None	<$>132048</>	64	65	3	GLimit_PRIVATE_MISSION_RANK3	Check_Mission_Day	-1	0	<$>132100</>	Solo Mcc3 Rep Rank3	0
14	mission_hellbreaker	0	0	None	Girlheart OldJournal10	Live_Missionenterpoint -1	Tovbatkey 2	fld_coim	0	<$>225887</>	MISSION_SINGLERAID	None	None	None	None	<$>132048</>	66	67	3	GLimit_PRIVATE_MISSION_RANK3	Check_Mission_Day	-1	0	<$>132050</>	Solo Mcc3 Rep Rank3	0
15	mission_Nechroshaman	0	0	None	None	Live_Missionenterpoint -1	None	fld_coim	0	<$>225874</>	MISSION_SINGLERAID	None	None	None	None	<$>132048</>	65	65	3	GLimit_PRIVATE_MISSION_RANK3	Check_Mission_Day	-1	0	<$>132086</>	Solo Mcc3 Rep Rank3	0
16	mission_btl_bah06	0	0	None	None	Live_Missionenterpoint -1	None	fld_coim	0	<$>225897</>	MISSION_SINGLERAID	None	None	None	None	<$>132048</>	69	67	3	GLimit_PRIVATE_MISSION_RANK4	Check_Mission_Day	-2	0	<$>132078</>	Solo Mcc3 Rep Rank4	0
17	mission_erc_boss	0	0	None	Ring_Deception_1 Ring_AcroPhobia_1 Ring_DarkSphere_1 Ring_MindPresure_1 Ring_MindBlast_1 Ring_ReflectSkin_1	Live_Missionenterpoint -1	None	fld_coim	0	<$>225881</>	MISSION_SINGLERAID	None	None	None	None	<$>132048</>	70	66	3	GLimit_PRIVATE_MISSION_RANK4	Check_Mission_Day	-2	0	<$>132054</>	Solo Mcc3 Rep Rank4	0
18	mission_dun_sil01	0	0	None	None	Live_Missionenterpoint -1	None	fld_coim	0	<$>225891</>	MISSION_SINGLERAID	None	None	None	None	<$>132048</>	69	68	3	GLimit_PRIVATE_MISSION_RANK4	Check_Mission_Day	-2	0	<$>132100</>	Solo Mcc3 Rep Rank4	0
19	mission_Chimera	0	0	None	None	Live_Missionenterpoint -1	None	fld_coim	0	<$>225876</>	MISSION_SINGLERAID	None	None	None	None	<$>132048</>	67	68	3	GLimit_PRIVATE_MISSION_RANK4	Check_Mission_Day	-2	0	<$>132050</>	Solo Mcc3 Rep Rank4	0
20	mission_Reydeavaricia	0	0	None	None	Live_Missionenterpoint -1	None	fld_coim	0	<$>225875</>	MISSION_SINGLERAID	None	None	None	None	<$>132048</>	68	68	3	GLimit_PRIVATE_MISSION_RANK4	Check_Mission_Day	-2	0	<$>132086</>	Solo Mcc3 Rep Rank4	0
21	mission_private_masu	0	0	None	None	Live_Missionenterpoint -1	None	fld_coim	0	<$>225898</>	MISSION_SINGLERAID	None	None	None	None	<$>132048</>	72	68	3	GLimit_PRIVATE_MISSION_RANK5	Check_Mission_Day	-2	0	<$>132078</>	Solo Mcc3 Rep Rank5	0
22	mission_dun_ktv_boss	0	0	None	None	Live_Missionenterpoint -1	None	fld_coim	0	<$>225892</>	MISSION_SINGLERAID	None	None	None	None	<$>132048</>	72	68	3	GLimit_PRIVATE_MISSION_RANK5	Check_Mission_Day	-2	0	<$>132054</>	Solo Mcc3 Rep Rank5	0
23	mission_private_diablo	0	0	None	None	Live_Missionenterpoint -1	None	fld_coim	0	<$>225899</>	MISSION_SINGLERAID	None	None	None	None	<$>132048</>	72	68	3	GLimit_PRIVATE_MISSION_RANK5	Check_Mission_Day	-2	0	<$>132100</>	Solo Mcc3 Rep Rank5	0
24	mission_private_cortes	0	0	None	None	Live_Missionenterpoint -1	None	fld_coim	0	<$>225900</>	MISSION_SINGLERAID	None	None	None	None	<$>132048</>	72	69	3	GLimit_PRIVATE_MISSION_RANK5	Check_Mission_Day	-2	0	<$>132050</>	Solo Mcc3 Rep Rank5	0
25	mission_private_dw	0	0	None	None	Live_Missionenterpoint -1	None	fld_coim	0	<$>225901</>	MISSION_SINGLERAID	None	None	None	None	<$>132048</>	73	69	3	GLimit_PRIVATE_MISSION_RANK5	Check_Mission_Day	-2	0	<$>132086</>	Solo Mcc3 Rep Rank5	0
26	mission_Jormongand	0	0	None	None	Live_Missionenterpoint -1	None	fld_coim	0	<$>225877</>	MISSION_SINGLERAID	None	None	None	None	<$>132048</>	72	73	4	GLimit_PRIVATE_MISSION_RANK6	Check_Mission_Day	-2	0	<$>132078</>	Solo Mcc3 Rep Rank6	0
27	mission_private_royalroad	0	0	None	None	Live_Missionenterpoint -1	None	fld_coim	0	<$>225902</>	MISSION_SINGLERAID	None	None	None	None	<$>132048</>	74	74	4	GLimit_PRIVATE_MISSION_RANK6	Check_Mission_Day	-2	0	<$>132054</>	Solo Mcc3 Rep Rank6	0
28	mission_private_arm1	0	0	None	None	Live_Missionenterpoint -1	None	fld_coim	0	<$>225903</>	MISSION_SINGLERAID	None	None	None	None	<$>132048</>	74	73	4	GLimit_PRIVATE_MISSION_RANK6	Check_Mission_Day	-2	0	<$>132100</>	Solo Mcc3 Rep Rank6	0
29	mission_sekhmet_rank6	0	0	None	None	Live_Missionenterpoint -1	None	fld_coim	0	<$>225878</>	MISSION_SINGLERAID	None	None	None	None	<$>132048</>	72	73	4	GLimit_PRIVATE_MISSION_RANK6	Check_Mission_Day	-2	0	<$>132050</>	Solo Mcc3 Rep Rank6	0
30	mission_private_decarabia	0	0	None	None	Live_Missionenterpoint -1	None	fld_coim	0	<$>225904</>	MISSION_SINGLERAID	None	None	None	None	<$>132048</>	72	72	4	GLimit_PRIVATE_MISSION_RANK6	Check_Mission_Day	-2	0	<$>132086</>	Solo Mcc3 Rep Rank6	0
31	Mission_private_dun_casile01	0	0	None	None	Live_Missionenterpoint -1	None	fld_coim	0	<$>225905</>	MISSION_SINGLERAID	None	None	None	None	<$>132048</>	76	76	4	GLimit_PRIVATE_MISSION_RANK7	Check_Mission_Day	-2	0	<$>132078</>	Solo Mcc3 Rep Rank7	0
32	Mission_private_dun_casile03	0	0	None	None	Live_Missionenterpoint -1	None	fld_coim	0	<$>225906</>	MISSION_SINGLERAID	None	None	None	None	<$>132048</>	76	76	4	GLimit_PRIVATE_MISSION_RANK7	Check_Mission_Day	-2	0	<$>132054</>	Solo Mcc3 Rep Rank7	0
33	Mission_private_dun_casile02	0	0	None	None	Live_Missionenterpoint -1	None	fld_coim	0	<$>225907</>	MISSION_SINGLERAID	None	None	None	None	<$>132048</>	76	75	4	GLimit_PRIVATE_MISSION_RANK7	Check_Mission_Day	-2	0	<$>132050</>	Solo Mcc3 Rep Rank7	0
34	mission_private_arm2	0	0	None	None	Live_Missionenterpoint -1	None	fld_coim	0	<$>225871</>	MISSION_SINGLERAID	None	None	None	None	<$>132048</>	76	74	4	GLimit_PRIVATE_MISSION_RANK7	Check_Mission_Day	-2	0	<$>132086</>	Solo Mcc3 Rep Rank7	0
35	mission_alt_fld01_1	0	0	None	None	Live_Missionenterpoint -1	None	fld_coim	0	<$>225072</>	MISSION_SINGLERAID	None	None	None	None	<$>132048</>	74	74	4	GLimit_PRIVATE_MISSION_RANK7	Check_Mission_Day	-2	0	<$>132100</>	Solo Mcc3 Rep Rank7	0
36	mission_btl_viron02	0	0	<$>132051</>	None	None	None	viron_basic	1	<$>29409</>	C1_VIRON_FOREST_SOL2	Viron_M3_Check	None	None	CommanderLv	None	67	62	3	GLimit_Viron02_Level20	Check_Mission_Day	8	-7	<$>132052</>	Day Mcc3 Sqd Exp	20
37	mission_sctw01	0	0	None	None	None	SecretTowerMagicScroll 1	auch_basic	0	<$>29437</>	SCTW_GUARD	None	None	None	None	<$>132048</>	56	54	1	GLimit_EXP_MISSON_LOW	Check_Mission_Day	8	-2	<$>132055</>	Day Mcc3 Sqd Rep EXTRA	0
38	mission_bst_backstreet	0	0	<$>132056</>	None	None	None	bst_basic	0	<$>88238</>	bst_mission	None	None	None	CommanderLv	<$>132048</>	72	72	3	GLimit_EXP_MISSON_HIGH	Check_Mission_Day	4	-4	<$>197327</>	Mcc3 Sqd Rep Exp	30
39	mission_dun_tor00	0	0	<$>132057</>	None	None	TorscheOtiteChip 100	fld_tor	0	<$>48349</>	TORCHE_BASEMENT	None	None	None	XQ_Torsche	<$>132048</>	67	67	2	GLimit_EXP_MISSON_HIGH	Check_Mission_Day	5	-5	<$>197328</>	Mcc3 Sqd Rep Exp	90
40	mission_btl_viron03	0	0	<$>132051</>	BellemBox_Cash	None	None	viron_basic	0	<$>29393</>	C1_VIRON_FOREST_SOL2	None	None	None	CommanderLv	<$>132048</>	69	62	3	GLimit_EXP_MISSON_LOW	Check_Mission_Day	3	-3	<$>197335</>	Day Sqd Mcc3 Rep Exp	20
41	mission_dun_jaq_under	0	0	None	None	None	None	dun_jaq05	0	<$>16310</>	JAQ_UNDER_GATE_OPEN	None	None	None	None	<$>132048</>	74	74	3	GLimit_EXP_MISSON_HIGH	Check_Mission_Day	1	-8	<$>132054</>	Mcc3 Sqd Rep Exp	0
42	mission_dun_ptv_boss_v	0	0	None	None	None	None	fld_coim	0	<$>48082</>	MISSION_JAQ	None	None	None	None	<$>132048</>	59	59	1	GLimit_EXP_MISSON_LOW	Check_Mission_Day	5	0	<$>132050</>	Mcc3 Sqd Rep Exp	0
43	mission_thefortress_o_c	0	0	None	None	None	None	fld_coim	0	<$>8312</>	MISSION_JAQ	None	None	None	None	<$>132048</>	62	62	1	GLimit_EXP_MISSON_LOW	Check_Mission_Day	4	-2	<$>132086</>	Mcc3 Sqd Rep Exp	0
44	mission_thefortress_d_c	0	0	None	None	None	None	fld_coim	0	<$>8313</>	MISSION_JAQ	None	None	None	None	<$>132048</>	57	57	1	GLimit_EXP_MISSON_LOW	Check_Mission_Day	6	0	None	Mcc3 Sqd Rep Exp	0
45	mission_swampangler	0	0	None	None	None	None	fld_coim	0	<$>8320</>	MISSION_JAQ	None	None	None	None	<$>132048</>	65	65	1	GLimit_EXP_MISSON_LOW	Check_Mission_Day	6	0	<$>132078</>	Mcc3 Sqd Rep Exp	0
46	mission_leo	0	0	None	None	None	None	fld_coim	0	<$>8323</>	MISSION_JAQ	None	None	None	None	<$>132048</>	67	67	1	GLimit_EXP_MISSON_LOW	Check_Mission_Day	6	0	<$>132054</>	Mcc3 Sqd Rep Exp	0
47	mission_bladeante	0	0	None	None	None	None	fld_coim	0	<$>8322</>	MISSION_JAQ	None	None	None	None	<$>132048</>	67	67	1	GLimit_EXP_MISSON_LOW	Check_Mission_Day	6	0	<$>132078</>	Mcc3 Sqd Rep Exp	0
48	mission_daily_gullfaxi	0	0	None	None	None	None	fld_coim	0	<$>29435</>	MISSION_JAQ	None	None	None	None	<$>132048</>	67	70	1	GLimit_EXP_MISSON_LOW	Check_Mission_Day	9	0	<$>132086</>	Mcc3 Sqd Rep Exp	0
49	mission_deadman	0	0	None	None	None	None	fld_coim	0	<$>8314</>	MISSION_JAQ	None	None	None	None	<$>132048</>	57	57	1	GLimit_EXP_MISSON_LOW	Check_Mission_Day	5	0	<$>132086</>	Mcc3 Sqd Rep Exp	0
50	mission_daily_mermaneater	0	0	None	None	None	None	fld_coim	0	<$>8321</>	MISSION_JAQ	None	None	None	None	<$>132048</>	67	67	1	GLimit_EXP_MISSON_LOW	Check_Mission_Day	12	-3	<$>132078</>	Mcc3 Sqd Rep Exp	0
51	mission_dun_alq06	0	0	<$>132088</>	None	None	None	dun_alq01	0	<$>29416</>	ALQ1_FOUNTAIN	None	None	None	YQ_Andre	<$>132048</>	72	72	2	GLimit_EXP_MISSON_HIGH	Check_Mission_Day	8	-5	<$>197337</>	Mcc3 Sqd Rep Exp	40
52	mission_bah_week	5000	0	None	None	None	None	bah_basic	0	<$>110692</>	MISSION_BAH_01	None	None	None	None	<$>132048</>	87	77	3	GLimit_EXP_MISSON_HIGH	Check_Mission_Day	-12	-19	<$>132050</>	Mcc3 Sqd Rep Exp	0
53	mission_daily_bahexpert	5000	0	None	None	None	None	fld_coim	0	<$>5992</>	MISSION_TEAMRAID	None	None	None	None	<$>132048</>	71	70	3	GLimit_EXP_MISSON_HIGH	Check_Mission_Day	4	-6	<$>197339</>	Mcc3 Sqd Rep Exp	0
54	mission_jaq_underpass	5000	0	None	None	None	None	fld_coim	0	<$>29451</>	MISSION_TEAMRAID	None	None	None	None	<$>132048</>	72	72	3	GLimit_EXP_MISSON_HIGH	Check_Mission_Day	3	-7	<$>197340</>	Mcc3 Sqd Rep Exp	0
55	mission_hostage	0	0	<$>132102</>	None	None	None	bst_basic	0	<$>92928</>	C1_BST_KAIN	None	None	None	CommanderLv	<$>132048</>	70	70	3	GLimit_EXP_MISSON_LOW	Check_Mission_Day	0	-6	<$>132103</>	Mcc3 Sqd Rep Exp	30
56	mission_dragon	0	0	None	JormongandSkin	None	None	btl_reb06	0	<$>2170</>	CREATE_LOBBY_DRAGON	None	None	None	None	<$>132048</>	67	67	2	GLimit_EXP_MISSON_HIGH	Check_Mission_Day	2	-3	<$>132087</>	Mcc3 Sqd Rep Exp	0
57	mission_palace	0	0	<$>132053</>	None	None	None	dun_sub	0	<$>29387</>	CASTLE_BACKDOOR	None	None	None	AQ_AuchAide	<$>132048</>	64	64	2	GLimit_EXP_MISSON_LOW	Check_Mission_Day	6	0	<$>197326</>	Mcc3 Sqd Rep Exp	90
58	mission_sed_boss	2500	0	None	None	None	None	fld_coim	0	<$>47536</>	MISSION_TEAMRAID	None	None	None	None	<$>132048</>	67	67	2	GLimit_EXP_MISSON_HIGH	Check_Mission_Day	5	-1	<$>132100</>	Mcc3 Sqd Rep Exp	0
59	mission_palace_02	0	0	<$>132053</>	Arsene_SecretKey	None	None	reb_basic	0	<$>47849</>	C1_CASTLE_SOLM	None	None	None	AQ_AuchAide	<$>132048</>	69	69	3	GLimit_EXP_MISSON_LOW	Check_Mission_Day	4	0	<$>132054</>	Mcc3 Sqd Rep Exp	90
60	mission_weekly_sekhmet	5000	0	None	None	CommPoint -1	None	fld_coim	0	<$>47531</>	MISSION_TEAMRAID	Mission_Sekhmet_Day	Mission_Sekhmet_Try	Mission_Sekhmet_Use	None	<$>132048</>	64	64	2	GLimit_EXP_MISSON_HIGH	Check_Mission_Day	8	0	<$>132050</>	Mcc3 Sqd Rep Exp	0
61	mission_expert_avernus	5000	0	None	None	CommPoint -1	None	fld_coim	0	<$>29448</>	MISSION_TEAMRAID	Mission_Avernus_Day	Mission_Avernus_Try	Mission_Avernus_Use	None	<$>132048</>	70	70	3	GLimit_EXP_MISSON_HIGH	Check_Mission_Day	5	-5	<$>197341</>	Mcc3 Sqd Rep Exp	0
62	mission_abyss	5000	0	None	None	CommPoint -1	None	fld_coim	0	<$>29446</>	MISSION_TEAMRAID	Mission_Trinity_Day	Mission_Trinity_Try	Mission_Trinity_Use	None	<$>132048</>	70	70	3	GLimit_EXP_MISSON_HIGH	Check_Mission_Day	0	-4	<$>132086</>	Mcc3 Sqd Rep Exp	0
63	mission_dun_gig	0	0	None	Andrecos_Box Sewing_Box SoulCrystal_Event GiganteCoupon	Vis -1	None	gig_basic	0	<$>47458</>	NPC_GIGANVEGAS_GATE	GigDunDate	GigDunJoin	None	None	<$>132048</>	58	58	1	GLimit_Mission_Gig	Check_Mission_Day	8	0	<$>132049</>	Rep Sqd Mcc3	0
64	mission_private_rose_tp	0	0	<$>132051</>	Mantra_Branch	None	None	viron_basic	1	<$>214461</>	NPC_TIMEPARADOX	Evil_Private_Rose_Day	Evil_Private_Rose_Count	Evil_Private_Rose_Use	CommanderLv	<$>132048</>	70	68	4	GLimit_Privte_Rose_Tp	Check_Mission_Day	6	-4	<$>132078</>	Day Solo Mcc3 EXTRA	20
65	mission_private_arbremon_tp	0	0	<$>132051</>	Arbremon_Skin	None	None	viron_basic	1	<$>214737</>	NPC_TIMEPARADOX	Evil_Private_Arbremon_Day	Evil_Private_Arbremon_Count	Evil_Private_Arbremon_Use	CommanderLv	<$>132048</>	70	68	4	GLimit_Privte_Arbremon_Tp	Check_Mission_Day	6	-4	<$>132078</>	Day Solo Mcc3 EXTRA	20
66	mission_private_sauterelle_tp	0	0	<$>132051</>	Sauterelle_Clothe	None	None	viron_basic	1	<$>214739</>	NPC_TIMEPARADOX	Evil_Private_Sauterelle_Day	Evil_Private_Sauterelle_Count	Evil_Private_Sauterelle_Use	CommanderLv	<$>132048</>	70	68	4	GLimit_Privte_Sauterelle_Tp	Check_Mission_Day	6	-4	<$>132078</>	Day Solo Mcc3 EXTRA	20
67	mission_private_masu_tp	0	0	<$>132051</>	Yufuegen_Revenge	None	None	viron_basic	1	<$>214741</>	NPC_TIMEPARADOX	Evil_Private_Masu_Day	Evil_Private_Masu_Count	Evil_Private_Masu_Use	CommanderLv	<$>132048</>	70	68	4	GLimit_Privte_Masu_Tp	Check_Mission_Day	6	-4	<$>132078</>	Day Solo Mcc3 EXTRA	20
68	mission_private_cortes_tp	0	0	<$>132051</>	Cortes_Volition	None	None	viron_basic	1	<$>214743</>	NPC_TIMEPARADOX	Evil_Private_Cortes_Day	Evil_Private_Cortes_Count	Evil_Private_Cortes_Use	CommanderLv	<$>132048</>	70	68	4	GLimit_Privte_Cortes_Tp	Check_Mission_Day	6	-4	<$>132050</>	Day Solo Mcc3 EXTRA	20
69	mission_private_dw_tp	0	0	<$>132051</>	DeathWarith_Essence	None	None	viron_basic	1	<$>214745</>	NPC_TIMEPARADOX	Evil_Private_Dw_Day	Evil_Private_Dw_Count	Evil_Private_Dw_Use	CommanderLv	<$>132048</>	70	68	4	GLimit_Privte_Dw_Tp	Check_Mission_Day	6	-4	<$>145739</>	Day Solo Mcc3 EXTRA	20
70	mission_private_nephthys_tp	0	0	<$>132051</>	Nephthys_Pattern	None	None	viron_basic	1	<$>214747</>	NPC_TIMEPARADOX	Evil_Private_Nephthys_Day	Evil_Private_Nephthys_Count	Evil_Private_Nephthys_Use	CommanderLv	<$>132048</>	70	68	4	GLimit_Privte_Nephthys_Tp	Check_Mission_Day	6	-4	<$>141894</>	Day Solo Mcc3 EXTRA	20
71	mission_nephthys_normal	0	0	<$>132051</>	Nephthys_Pattern	None	None	viron_basic	1	<$>47958</>	NPC_TIMEPARADOX	Evil_Nephthys_Day	Evil_Nephthys_Count	Evil_Nephthys_Use	CommanderLv	<$>132048</>	72	67	3	GLimit_Evil_Nephthys_normal	Check_Mission_Day	-2	-5	<$>132100</>	Day Sqd Mcc3 EXTRA	20
72	mission_dw_normal	0	0	<$>132051</>	DeathWarith_Essence	None	None	viron_basic	1	<$>47962</>	NPC_TIMEPARADOX	Evil_Dw_Day	Evil_Dw_Count	Evil_Dw_Use	CommanderLv	<$>132048</>	70	65	3	GLimit_Evil_Dw_normal	Check_Mission_Day	0	-3	<$>151376</>	Day Sqd Mcc3 EXTRA	20
73	mission_rose_normal	0	0	<$>132051</>	Mantra_Branch	None	None	viron_basic	1	<$>47955</>	NPC_TIMEPARADOX	Evil_Rose_Day	Evil_Rose_Count	Evil_Rose_Use	CommanderLv	<$>132048</>	75	69	3	GLimit_Evil_Rose_normal	Check_Mission_Day	-5	-8	<$>132078</>	Day Sqd Mcc3 EXTRA	20
74	mission_masu_normal	0	0	<$>132051</>	Yufuegen_Revenge	None	None	viron_basic	1	<$>47974</>	NPC_TIMEPARADOX	Evil_Masu_Day	Evil_Masu_Count	Evil_Masu_Use	CommanderLv	<$>132048</>	70	66	3	GLimit_Evil_Masu_normal	Check_Mission_Day	0	-3	<$>132078</>	Day Sqd Mcc3 EXTRA	20
75	mission_sauterelle_normal	0	0	<$>132051</>	Sauterelle_Clothe	None	None	viron_basic	1	<$>47957</>	NPC_TIMEPARADOX	Evil_Sauterelle_Day	Evil_Sauterelle_Count	Evil_Sauterelle_Use	CommanderLv	<$>132048</>	74	70	3	GLimit_Evil_Sauterelle_normal	Check_Mission_Day	-4	-7	<$>132078</>	Day Sqd Mcc3 EXTRA	20
76	mission_arbremon_normal	0	0	<$>132051</>	Arbremon_Skin	None	None	viron_basic	1	<$>47956</>	NPC_TIMEPARADOX	Evil_Arbremon_Day	Evil_Arbremon_Count	Evil_Arbremon_Use	CommanderLv	<$>132048</>	75	70	3	GLimit_Evil_Arbremon_normal	Check_Mission_Day	-5	-8	<$>132078</>	Day Sqd Mcc3 EXTRA	20
77	mission_cortes_normal	0	0	<$>132051</>	Cortes_Volition	None	None	viron_basic	1	<$>47960</>	NPC_TIMEPARADOX	Evil_Cortes_Day	Evil_Cortes_Count	Evil_Cortes_Use	CommanderLv	<$>132048</>	73	69	3	GLimit_Evil_Cortes_normal	Check_Mission_Day	-3	-6	<$>132050</>	Day Sqd Mcc3 EXTRA	20
78	mission_nephthys	0	0	<$>132051</>	Nephthys_Pattern	None	None	viron_basic	1	<$>47950</>	NPC_TIMEPARADOX	Evil_Nephthys_Day	Evil_Nephthys_Count	Evil_Nephthys_Use	CommanderLv	<$>132048</>	76	71	3	GLimit_Evil_Nephthys	Check_Mission_Day	-4	-7	<$>132100</>	Day Sqd Mcc3 EXTRA	20
79	mission_dw	0	0	<$>132051</>	DeathWarith_Essence	None	None	viron_basic	1	<$>47961</>	NPC_TIMEPARADOX	Evil_Dw_Day	Evil_Dw_Count	Evil_Dw_Use	CommanderLv	<$>132048</>	74	74	3	GLimit_Evil_Dw	Check_Mission_Day	-2	-5	<$>225909</>	Day Sqd Mcc3 EXTRA	20
80	mission_rose	0	0	<$>132051</>	Mantra_Branch	None	None	viron_basic	1	<$>47936</>	NPC_TIMEPARADOX	Evil_Rose_Day	Evil_Rose_Count	Evil_Rose_Use	CommanderLv	<$>132048</>	80	74	3	GLimit_Evil_Rose	Check_Mission_Day	-8	-11	<$>132078</>	Day Sqd Mcc3 EXTRA	20
81	mission_masu	0	0	<$>132051</>	Yufuegen_Revenge	None	None	viron_basic	1	<$>47973</>	NPC_TIMEPARADOX	Evil_Masu_Day	Evil_Masu_Count	Evil_Masu_Use	CommanderLv	<$>132048</>	77	73	3	GLimit_Evil_Masu	Check_Mission_Day	-5	-8	<$>132078</>	Day Sqd Mcc3 EXTRA	20
82	mission_sauterelle	0	0	<$>132051</>	Sauterelle_Clothe	None	None	viron_basic	1	<$>47945</>	NPC_TIMEPARADOX	Evil_Sauterelle_Day	Evil_Sauterelle_Count	Evil_Sauterelle_Use	CommanderLv	<$>132048</>	78	74	3	GLimit_Evil_Sauterelle	Check_Mission_Day	-6	-9	<$>132078</>	Day Sqd Mcc3 EXTRA	20
83	mission_arbremon	0	0	<$>132051</>	Arbremon_Skin	None	None	viron_basic	1	<$>47942</>	NPC_TIMEPARADOX	Evil_Arbremon_Day	Evil_Arbremon_Count	Evil_Arbremon_Use	CommanderLv	<$>132048</>	79	74	3	GLimit_Evil_Arbremon	Check_Mission_Day	-7	-10	<$>132078</>	Day Sqd Mcc3 EXTRA	20
84	mission_cortes	0	0	<$>132051</>	Cortes_Volition	None	None	viron_basic	1	<$>47959</>	NPC_TIMEPARADOX	Evil_Cortes_Day	Evil_Cortes_Count	Evil_Cortes_Use	CommanderLv	<$>132048</>	77	73	3	GLimit_Evil_Cortes	Check_Mission_Day	-5	-8	<$>132050</>	Day Sqd Mcc3 EXTRA	20
85	mission_alca01	0	0	<$>132079</>	Warpedweapon PrisonKey2 PrisonKey3	None	None	bst_basic	1	<$>101127</>	BST_1DAY_TIGRES	Mission_tigresdate	Mission_tigrescount	None	XQ_Kess	None	85	76	4	GLimit_alca01	Check_Mission_Day	24	-17	<$>132082</>	Day Sqd Mcc3 EXTRA	119
86	mission_alca02	0	0	<$>132079</>	Warpedweapon PrisonKey2 PrisonKey3 PrisonKey4	PrisonKey2 1	None	bst_basic	1	<$>101128</>	BST_1DAY_TIGRES	Mission_tigresdate	Mission_tigrescount	None	XQ_Kess	<$>132048</>	82	76	4	GLimit_alca02	Check_Mission_Day	24	-14	<$>132081</>	Day Sqd Mcc3 EXTRA	119
87	mission_alca03	0	0	<$>132079</>	Warpedweapon PrisonKey3 PrisonKey4 PrisonKey5	PrisonKey3 1	None	bst_basic	1	<$>101129</>	BST_1DAY_TIGRES	Mission_tigresdate	Mission_tigrescount	None	XQ_Kess	<$>132048</>	81	79	4	GLimit_alca03	Check_Mission_Day	21	-13	<$>132082</>	Day Sqd Mcc3 EXTRA	119
88	mission_alca04	0	0	<$>132079</>	Warpedweapon PrisonKey4 PrisonKey5 PrisonKey6	PrisonKey4 1	None	bst_basic	1	<$>101130</>	BST_1DAY_TIGRES	Mission_tigresdate	Mission_tigrescount	None	XQ_Kess	<$>132048</>	80	81	4	GLimit_alca04	Check_Mission_Day	20	-12	<$>132082</>	Day Sqd Mcc3 EXTRA	119
89	mission_alca05	0	0	<$>132079</>	Warpedweapon PrisonKey5 PrisonKey6 PrisonKey7	PrisonKey5 1	None	bst_basic	1	<$>101131</>	BST_1DAY_TIGRES	Mission_tigresdate	Mission_tigrescount	None	XQ_Kess	<$>132048</>	85	87	4	GLimit_alca05	Check_Mission_Day	15	-16	<$>132082</>	Day Sqd Mcc3 EXTRA	119
90	mission_alca06	0	0	<$>132079</>	Warpedweapon PrisonKey6 PrisonKey7 PrisonKey8	PrisonKey6 1	None	bst_basic	1	<$>101132</>	BST_1DAY_TIGRES	Mission_tigresdate	Mission_tigrescount	None	XQ_Kess	<$>132048</>	81	82	4	GLimit_alca06	Check_Mission_Day	19	-11	<$>132083</>	Day Sqd Mcc3 EXTRA	119
91	mission_alca07	0	0	<$>132079</>	Warpedweapon PrisonKey7 PrisonKey8 PrisonKey9	PrisonKey7 1	None	bst_basic	1	<$>101133</>	BST_1DAY_TIGRES	Mission_tigresdate	Mission_tigrescount	None	XQ_Kess	<$>132048</>	84	84	4	GLimit_alca07	Check_Mission_Day	16	-13	<$>132082</>	Day Sqd Mcc3 EXTRA	119
92	mission_alca08	0	0	<$>132079</>	Warpedweapon PrisonKey8 PrisonKey9 PrisonKey10	PrisonKey8 1	None	bst_basic	1	<$>101134</>	BST_1DAY_TIGRES	Mission_tigresdate	Mission_tigrescount	None	XQ_Kess	<$>132048</>	89	89	4	GLimit_alca08	Check_Mission_Day	11	-18	<$>132084</>	Day Sqd Mcc3 EXTRA	119
93	mission_alca09	0	0	<$>132079</>	Warpedweapon PrisonKey9 PrisonKey10	PrisonKey9 1	None	bst_basic	1	<$>101135</>	BST_1DAY_TIGRES	Mission_tigresdate	Mission_tigrescount	None	XQ_Kess	<$>132048</>	82	82	4	GLimit_alca09	Check_Mission_Day	18	-11	<$>132082</>	Day Sqd Mcc3 EXTRA	119
94	mission_alca10	0	0	<$>132079</>	Warpedweapon	PrisonKey10 1	None	bst_basic	1	<$>103038</>	BST_1DAY_TIGRES	Mission_tigresdate	Mission_tigrescount	None	XQ_Kess	<$>132048</>	82	80	4	GLimit_alca10	Check_Mission_Day	20	-9	<$>132082</>	Day Sqd Mcc3 EXTRA	119
95	mission_bloodnavy	0	0	None	Bristia_WeaponBox01 Bristia_WeaponBox02 Bristia_WeaponBox03 Bristia_WeaponBox04 NamedCube_Piece NamedDiary_Piece NamedBigBook_Piece Recipe_NamedCube Recipe_NamedDiary  Recipe_NamedBigBook Bristia_Boots Bristia_Gloves Bristia_Belt CouponLv_25 PureEssence FallenEssence BalanceEssence OutrawCigar ShotOfMarksman RoyalSymbol PeaceSymbol MantisHead	None	None	fld_bst01	1	<$>95053</>	BRISTIA_RAID_1ST_OPEN	Lock_Raid_Renolde	None	None	None	None	74	69	3	None	Check_Mission_Day	1	-8	<$>132054</>	Day Sqd Mcc3 EXTRA	0
96	mission_clocktower_01	0	0	<$>132094</>	ClockTowerKey2 Time_Wheel StoneofSoul	SpellKey 1	None	viron_basic	1	<$>47882</>	NPC_CLOCK_GATE	ClocktowerDay	None	Lock_ClockKey	YQ_Fahrel	<$>132048</>	77	67	3	GLimit_VironClock_01	Check_Mission_Day	13	-17	<$>132050</>	Day Mcc1 Sqd EXTRA	20
97	mission_clocktower_02	0	0	<$>132094</>	ClockTowerKey3 Time_Wheel StoneofSoul	ClockTowerKey2 1	None	viron_basic	0	<$>47883</>	NPC_CLOCK_GATE	None	None	None	YQ_Fahrel	<$>132048</>	68	63	3	GLimit_VironClock_02	Check_Mission_Day	17	-5	<$>132050</>	Day Mcc1 Sqd EXTRA	20
98	mission_clocktower_03	0	0	<$>132094</>	ClockTowerKey4 Time_Wheel StoneofSoul	ClockTowerKey3 1	None	viron_basic	0	<$>47884</>	NPC_CLOCK_GATE	None	None	None	YQ_Fahrel	<$>132048</>	70	65	3	GLimit_VironClock_03	Check_Mission_Day	15	-7	<$>132050</>	Day Mcc1 Sqd EXTRA	20
99	mission_clocktower_04	0	0	<$>132094</>	ClockTowerKey5 Time_Wheel StoneofSoul	ClockTowerKey4 1	None	viron_basic	0	<$>47885</>	NPC_CLOCK_GATE	None	None	None	YQ_Fahrel	<$>132048</>	71	66	3	GLimit_VironClock_04	Check_Mission_Day	14	-8	<$>132050</>	Day Mcc1 Sqd EXTRA	20
100	mission_clocktower_05	0	0	<$>132094</>	ClockTowerKey6 Time_Wheel StoneofSoul	ClockTowerKey5 1	None	viron_basic	0	<$>47886</>	NPC_CLOCK_GATE	None	None	None	YQ_Fahrel	<$>132048</>	73	71	3	GLimit_VironClock_05	Check_Mission_Day	9	-10	<$>132050</>	Day Mcc1 Sqd EXTRA	20
101	mission_clocktower_06	0	0	<$>132094</>	ClockTowerKey7 Time_Wheel StoneofSoul	ClockTowerKey6 1	None	viron_basic	0	<$>47887</>	NPC_CLOCK_GATE	None	None	None	YQ_Fahrel	<$>132048</>	72	67	3	GLimit_VironClock_06	Check_Mission_Day	13	-6	<$>132050</>	Day Mcc1 Sqd EXTRA	20
102	mission_clocktower_07	0	0	<$>132094</>	ClockTowerKey8 Time_Wheel StoneofSoul	ClockTowerKey7 1	None	viron_basic	0	<$>47888</>	NPC_CLOCK_GATE	None	None	None	YQ_Fahrel	<$>132048</>	78	69	3	GLimit_VironClock_07	Check_Mission_Day	11	-8	<$>132050</>	Day Mcc1 Sqd EXTRA	20
103	mission_clocktower_08	0	0	<$>132094</>	ClockTowerKey9 Time_Wheel StoneofSoul	ClockTowerKey8 1	None	viron_basic	0	<$>47889</>	NPC_CLOCK_GATE	None	None	None	YQ_Fahrel	<$>132048</>	74	69	3	GLimit_VironClock_08	Check_Mission_Day	11	-5	<$>132050</>	Day Mcc1 Sqd EXTRA	20
104	mission_clocktower_09	0	0	<$>132094</>	ClockTowerKey10 Time_Wheel StoneofSoul	ClockTowerKey9 1	None	viron_basic	0	<$>47890</>	NPC_CLOCK_GATE	None	None	None	YQ_Fahrel	<$>132048</>	79	69	3	GLimit_VironClock_09	Check_Mission_Day	11	-9	<$>132050</>	Day Mcc1 Sqd EXTRA	20
105	mission_clocktower_10	0	0	<$>132094</>	ClockTowerKey11 Time_Wheel StoneofSoul	ClockTowerKey10 1	None	viron_basic	0	<$>47891</>	NPC_CLOCK_GATE	None	None	None	YQ_Fahrel	<$>132048</>	77	72	3	GLimit_VironClock_10	Check_Mission_Day	8	-7	<$>132050</>	Day Mcc1 Sqd EXTRA	20
106	mission_clocktower_11	0	0	<$>132094</>	ClockTowerKey12 Time_Wheel StoneofSoul	ClockTowerKey11 1	None	viron_basic	0	<$>47892</>	NPC_CLOCK_GATE	None	None	None	YQ_Fahrel	<$>132048</>	76	71	3	GLimit_VironClock_11	Check_Mission_Day	9	-6	<$>132050</>	Day Mcc1 Sqd EXTRA	20
107	mission_clocktower_12	0	0	<$>132094</>	ClockTowerKey13 Time_Wheel StoneofSoul	ClockTowerKey12 1	None	viron_basic	0	<$>47893</>	NPC_CLOCK_GATE	None	None	None	YQ_Fahrel	<$>132048</>	77	72	3	GLimit_VironClock_12	Check_Mission_Day	8	-7	<$>132050</>	Day Mcc1 Sqd EXTRA	20
108	mission_clocktower_boss	0	0	<$>132094</>	CouponLv_27 Autmarton_Core StoneofSoul Time_Wheel StoneofSoul	ClockTowerKey13 1	None	viron_basic	0	<$>47881</>	NPC_CLOCK_GATE	None	None	None	YQ_Fahrel	<$>132048</>	77	72	3	GLimit_VironClock_Boss	Check_Mission_Day	8	-7	<$>132050</>	Day Mcc1 Sqd EXTRA	20
109	mission_clocktower_b01	0	0	None	ClockTowerKeyB2	TimeKey 1	None	dun_clocklobby	1	<$>155030</>	DUN_CLOCK_MISSION	ClocktowerBDay	None	Lock_ClockBKey	None	<$>132048</>	72	68	3	GLimit_Clocktower_B01	Check_Mission_Day	2	-2	<$>132050</>	Day Mcc1 Sqd EXTRA	0
110	mission_clocktower_b02	0	0	None	ClockTowerKeyB3	ClockTowerKeyB2 1	None	dun_clocklobby	0	<$>155031</>	DUN_CLOCK_MISSION	None	None	None	None	<$>132048</>	72	68	3	GLimit_Clocktower_B02	Check_Mission_Day	2	-2	<$>132050</>	Day Mcc1 Sqd EXTRA	0
111	mission_clocktower_b03	0	0	None	ClockTowerKeyB4	ClockTowerKeyB3 1	None	dun_clocklobby	0	<$>155032</>	DUN_CLOCK_MISSION	None	None	None	None	<$>132048</>	72	68	3	GLimit_Clocktower_B03	Check_Mission_Day	2	-2	<$>132050</>	Day Mcc1 Sqd EXTRA	0
112	mission_clocktower_b04	0	0	None	ClockTowerKeyB5	ClockTowerKeyB4 1	None	dun_clocklobby	0	<$>155033</>	DUN_CLOCK_MISSION	None	None	None	None	<$>132048</>	73	73	3	GLimit_Clocktower_B04	Check_Mission_Day	-3	-2	<$>132050</>	Day Mcc1 Sqd EXTRA	0
113	mission_clocktower_b05	0	0	None	ClockTowerKeyB6	ClockTowerKeyB5 1	None	dun_clocklobby	0	<$>155034</>	DUN_CLOCK_MISSION	None	None	None	None	<$>132048</>	76	74	3	GLimit_Clocktower_B05	Check_Mission_Day	-2	-3	<$>132050</>	Day Mcc1 Sqd EXTRA	0
114	mission_clocktower_b06	0	0	None	ClockTowerKeyB7	ClockTowerKeyB6 1	None	dun_clocklobby	0	<$>155035</>	DUN_CLOCK_MISSION	None	None	None	None	<$>132048</>	74	72	3	GLimit_Clocktower_B06	Check_Mission_Day	-1	-3	<$>132050</>	Day Mcc1 Sqd EXTRA	0
115	mission_clocktower_b07	0	0	None	ClockTowerKeyB8	ClockTowerKeyB7 1	None	dun_clocklobby	0	<$>155036</>	DUN_CLOCK_MISSION	None	None	None	None	<$>132048</>	76	70	4	GLimit_Clocktower_B07	Check_Mission_Day	2	-4	<$>132050</>	Day Mcc1 Sqd EXTRA	0
116	mission_clocktower_b08	0	0	None	ClockTowerKeyB9	ClockTowerKeyB8 1	None	dun_clocklobby	0	<$>155037</>	DUN_CLOCK_MISSION	None	None	None	None	<$>132048</>	77	72	4	GLimit_Clocktower_B08	Check_Mission_Day	0	-5	<$>132050</>	Day Mcc1 Sqd EXTRA	0
117	mission_clocktower_b09	0	0	None	ClockTowerKeyB10	ClockTowerKeyB9 1	None	dun_clocklobby	0	<$>155038</>	DUN_CLOCK_MISSION	None	None	None	None	<$>132048</>	75	77	4	GLimit_Clocktower_B09	Check_Mission_Day	-4	-2	<$>132050</>	Day Mcc1 Sqd EXTRA	0
118	mission_clocktower_b10	0	0	None	None	ClockTowerKeyB10 1	None	dun_clocklobby	0	<$>155721</>	DUN_CLOCK_MISSION	None	None	None	None	<$>132048</>	79	76	4	GLimit_Clocktower_B10	Check_Mission_Day	-2	-5	<$>132050</>	Day Mcc1 Sqd EXTRA	0
119	mission_cas_mine	0	0	<$>197338</>	CouponLv_25 CouponLv_26 SunStone MoonStone 	Ancient_Relic 1	None	cas_basic	1	<$>29411</>	TR_CAS_MINE	Date_Cas_Mine	None	None	QW_cas_basic	<$>132048</>	54	54	1	GLimit_Cas_Mine03	Check_Mission_Day	10	0	<$>225910</>	Day Mcc3 Sqd EXTRA	1
120	mission_cas_relic	0	0	<$>197338</>	CouponLv_25 CouponLv_26 SunStone MoonStone	Ancient_Gold_Relic 1	None	btl_cas01	1	<$>29414</>	TR_CAS_RELIC	Date_Cas_Relic	None	None	QW_cas_basic	<$>132048</>	64	64	2	GLimit_Cas_Relic03	Check_Mission_Day	4	-4	<$>225911</>	Day Mcc3 Sqd EXTRA	1
121	mission_tower_of_chaos	0	0	<$>197338</>	CouponLv_25 CouponLv_26 SunStone MoonStone	Ancient_Gold_Relic 1	None	btl_cas02	1	<$>29415</>	TR_TOWER_OF_CHAOS	Date_Cas_Tower	None	None	QW_cas_basic	<$>132048</>	67	67	3	GLimit_Cas_Tower04	Check_Mission_Day	8	0	<$>141894</>	Day Mcc3 Sqd EXTRA	1
122	mission_cas_mine_KOR_H	0	0	<$>197338</>	None	None	None	cas_basic	1	<$>133175</>	TR_CAS_MINE	Cas_Mine_H_Today	None	None	QW_cas_basic	<$>132048</>	81	79	4	GLimit_Cas_Mine_HARD	Check_Mission_Day	5	-3	<$>225912</>	Day Mcc3 Sqd EXTRA	1
123	mission_cas_relic_KOR_H	0	0	<$>197338</>	None	None	None	btl_cas01	1	<$>106372</>	TR_CAS_RELIC	Cas_Reilc_H_Today	None	None	QW_cas_basic	<$>132048</>	81	79	4	GLimit_Cas_Relic_HARD	Check_Mission_Day	5	-3	<$>225913</>	Day Mcc3 Sqd EXTRA	1
124	mission_tower_of_chaos_KOR_H	0	0	<$>197338</>	None	None	None	btl_cas02	1	<$>112013</>	TR_TOWER_OF_CHAOS	Date_Cas_Tower	None	None	QW_cas_basic	<$>132048</>	81	79	4	GLimit_Cas_Tower_of_chaos_HARD	Check_Mission_Day	5	-3	<$>225911</>	Day Mcc3 Sqd EXTRA	1
125	H_mission_lucifer01	0	0	<$>145738</>	CouponLv_27	None	None	fld_lucifer	1	<$>47864</>	NPC_TIMEPARADOX3	Lucifer1_Hard_Day	Lucifer1_Hard_Count	None	None	<$>132048</>	76	75	4	GLimit_Lucifer01_Hard	Check_Mission_Day	4	-4	<$>197342</>	Day Sqd Mcc3 EXTRA	0
126	H_mission_lucifer02	0	0	<$>145738</>	CouponLv_27	None	None	fld_lucifer	1	<$>47865</>	NPC_TIMEPARADOX3	Lucifer2_Hard_Day	Lucifer2_Hard_Count	None	None	<$>132048</>	76	75	4	GLimit_Lucifer02_Hard	Check_Mission_Day	4	-4	<$>145739</>	Day Sqd Mcc3 EXTRA	0
127	H_mission_lucifer03	0	0	<$>145738</>	CouponLv_27	None	None	fld_lucifer	1	<$>29591</>	NPC_TIMEPARADOX3	Lucifer3_Hard_Day	Lucifer3_Hard_Count	None	None	<$>132048</>	76	75	4	GLimit_Lucifer03_Hard	Check_Mission_Day	4	-4	<$>145740</>	Day Sqd Mcc3 EXTRA	0
128	H_mission_lucifer04	0	0	<$>145738</>	CouponLv_27	None	None	fld_lucifer	1	<$>64196</>	NPC_TIMEPARADOX3	Lucifer4_Hard_Day	Lucifer4_Hard_Count	None	None	<$>132048</>	76	75	4	GLimit_Lucifer04_Hard	Check_Mission_Day	4	-4	<$>145741</>	Day Sqd Mcc3 EXTRA	0
129	H_mission_lucifer05	0	0	<$>145738</>	CouponLv_27	None	None	fld_lucifer	1	<$>47952</>	NPC_TIMEPARADOX3	Lucifer5_Hard_Day	Lucifer5_Hard_Count	None	None	<$>132048</>	76	75	4	GLimit_Lucifer05_Hard	Check_Mission_Day	4	-4	<$>145739</>	Day Sqd Mcc3 EXTRA	0
130	H_mission_lucifer06	0	0	<$>145738</>	CouponLv_27	None	None	fld_lucifer	1	<$>47953</>	NPC_TIMEPARADOX3	Lucifer6_Hard_Day	Lucifer6_Hard_Count	None	None	<$>132048</>	76	75	4	GLimit_Lucifer06_Hard	Check_Mission_Day	4	-4	<$>145739</>	Day Sqd Mcc3 EXTRA	0
131	mission_lucifer2_black	0	0	<$>145738</>	CouponLv_26 CouponLv_27	None	None	fld_lucifer	1	<$>151356</>	LUCIFER2_GUIDE	Lucifer2_Dark_Today	None	None	None	<$>132048</>	75	73	4	GLimit_Lucifer2Black_Box	Check_Mission_Day	4	-4	<$>132050</>	Day Sqd Mcc3 EXTRA	0
132	mission_lucifer2_defence	0	0	<$>145738</>	CouponLv_26 CouponLv_27	None	None	fld_lucifer	1	<$>151356</>	LUCIFER2_GUIDE	Lucifer2_Defence_Today	None	None	None	<$>132048</>	77	74	4	GLimit_Lucifer2Defence_Box	Check_Mission_Day	4	-4	<$>151376</>	Day Sqd Mcc3 EXTRA	0
133	mission_darkpriest	0	0	<$>141893</>	None	None	None	arm_dunbasic	1	<$>127223</>	arm_necrobible	DarkPriest_Today	None	None	None	<$>132048</>	74	74	4	GLimit_DarkPriest	Check_Mission_Day	26	-2	<$>132100</>	Day Sqd Mcc3 EXTRA	0
134	mission_arm_chaos	0	0	<$>141893</>	None	None	None	arm_dunbasic	1	<$>121329</>	arm_necrobible	AbyssKnight_Today	None	None	None	<$>132048</>	80	80	4	GLimit_Arm_Day_Chaos_H	Check_Mission_Day	20	-8	<$>132086</>	Day Sqd Mcc3 EXTRA	0
135	mission_arm_madness	0	0	<$>141893</>	None	None	None	arm_dunbasic	1	<$>127224</>	arm_necrobible	AbyssMagic_Today	None	None	None	<$>132048</>	74	74	4	GLimit_Arm_Day_Mad	Check_Mission_Day	26	-2	<$>132100</>	Day Sqd Mcc3 EXTRA	0
136	mission_arm_hate	0	0	<$>141893</>	None	None	None	arm_dunbasic	1	<$>130537</>	arm_necrobible	AbyssHate_Today	None	None	None	<$>132048</>	85	85	4	GLimit_Arm_Day_Hate	Check_Mission_Day	26	-13	<$>132104</>	Day Sqd Mcc3 EXTRA	0
137	mission_arm_fury	0	0	<$>141893</>	None	None	None	arm_dunbasic	1	<$>140942</>	arm_necrobible	AbyssFury_Today	None	None	None	<$>132048</>	78	78	4	GLimit_Arm_Day_Fury	Check_Mission_Day	4	-4	<$>141894</>	Day Sqd Mcc3 EXTRA	0
138	mission_arm_dark	0	0	<$>141893</>	None	None	None	arm_dunbasic	1	<$>141888</>	arm_necrobible	AbyssDark_Today	None	None	None	None	77	77	4	GLimit_Arm_Day_Dark	Check_Mission_Week	26	0	<$>132100</>	Week Day Mcc3 Sqd EXTRA	0
139	mission_royalroad_hell	0	0	<$>203316</>	None	None	None	fld_ile02	1	<$>225914</>	NPC_MISSION_ILE	Royalroad_Today	None	None	CommanderLv	None	85	82	4	GLimit_RoyalRoad_Hell	Check_Mission_Day	-5	-5	<$>203317</>	Day Mcc3 Sqd EXTRA	30
140	Mission_dun_casile01_hell	0	0	<$>203316</>	None	None	None	fld_ile02	1	<$>225915</>	NPC_MISSION_ILE	Dun_casile01_Today	None	None	CommanderLv	None	82	79	4	GLimit_Dun_Casile01_Hell	Check_Mission_Day	-5	-5	<$>218662</>	Day Mcc3 Sqd EXTRA	30
141	Mission_dun_casile02_hell	0	0	<$>203316</>	None	None	None	fld_ile02	1	<$>225916</>	NPC_MISSION_ILE	Dun_casile02_Today	None	None	CommanderLv	None	82	82	4	GLimit_Dun_Casile02_Hell	Check_Mission_Day	-5	-5	<$>218664</>	Day Mcc3 Sqd EXTRA	30
142	mission_masung_pot	0	0	None	None	None	None	guild_bounty	1	<$>7187</>	MASUNG_POT	Masung_Pot_Today	None	None	None	<$>132048</>	57	57	1	GLimit_Masung_Lv1	Check_Mission_Day	3	-2	<$>132062</>	Day Sqd Mcc3 EXTRA	0
143	mission_masung_tor	0	0	None	None	None	None	guild_bounty	1	<$>7188</>	MASUNG_TOR	Masung_Tor_Today	None	None	None	<$>132048</>	57	57	1	GLimit_Masung_Lv1	Check_Mission_Day	3	-2	<$>132065</>	Day Sqd Mcc3 EXTRA	0
144	mission_masung_jaq	0	0	None	None	None	None	guild_bounty	1	<$>7189</>	MASUNG_JAQ	Masung_Jaq_Today	None	None	None	<$>132048</>	57	57	1	GLimit_Masung_Lv1	Check_Mission_Day	3	-2	<$>132063</>	Day Sqd Mcc3 EXTRA	0
145	mission_masung_ust	0	0	None	None	None	None	guild_bounty	1	<$>7190</>	MASUNG_UST	Masung_Ust_Today	None	None	None	<$>132048</>	57	57	1	GLimit_Masung_Lv1	Check_Mission_Day	3	-2	<$>132062</>	Day Sqd Mcc3 EXTRA	0
146	mission_masung_bah	0	0	None	None	None	None	guild_bounty	1	<$>29376</>	MASUNG_BAH	Masung_Bah_Today	None	None	None	<$>132048</>	62	62	2	GLimit_Masung_Lv3	Check_Mission_Day	3	-2	<$>132062</>	Day Sqd Mcc3 EXTRA	0
147	mission_masung_sed	0	0	None	None	None	None	guild_bounty	1	<$>29379</>	MASUNG_SED	Masung_Sed_Today	None	None	None	<$>132048</>	62	62	2	GLimit_Masung_Lv3	Check_Mission_Day	3	-2	<$>132065</>	Day Sqd Mcc3 EXTRA	0
148	mission_masung_erc	0	0	None	None	None	None	guild_bounty	1	<$>29382</>	MASUNG_ERC	Masung_Erc_Today	None	None	None	<$>132048</>	67	67	3	GLimit_Masung_Lv3	Check_Mission_Day	3	-2	<$>132062</>	Day Sqd Mcc3 EXTRA	0
149	mission_masung_cas01	0	0	None	None	None	None	guild_bounty	1	<$>96347</>	MASUNG_CAS01	Masung_Cas01_Today	None	None	None	<$>132048</>	67	67	2	GLimit_Masung_Lv3	Check_Mission_Day	3	-2	<$>132066</>	Day Sqd Mcc3 EXTRA	0
150	mission_masung_cas02	0	0	None	None	None	None	guild_bounty	1	<$>96349</>	MASUNG_CAS02	Masung_Cas02_Today	None	None	None	<$>132048</>	69	69	3	GLimit_Masung_Lv3	Check_Mission_Day	3	-2	<$>132061</>	Day Sqd Mcc3 EXTRA	0
151	mission_masung_cas03	0	0	None	None	None	None	guild_bounty	1	<$>96350</>	MASUNG_CAS03	Masung_Cas03_Today	None	None	None	<$>132048</>	70	70	3	GLimit_Masung_Lv4	Check_Mission_Day	3	-2	<$>132060</>	Day Sqd Mcc3 EXTRA	0
152	mission_masung_tbk	0	0	None	None	None	None	guild_bounty	1	<$>29375</>	MASUNG_TBK	Masung_Tbk_Today	None	None	None	<$>132048</>	62	62	1	GLimit_Masung_Lv2	Check_Mission_Day	3	-2	<$>132067</>	Day Sqd Mcc3 EXTRA	0
153	mission_masung_sct	0	0	None	None	None	None	guild_bounty	1	<$>29378</>	MASUNG_SCT	Masung_Sct_Today	None	None	None	<$>132048</>	62	62	2	GLimit_Masung_Lv2_SCT	Check_Mission_Day	3	-2	<$>132063</>	Day Sqd Mcc3 EXTRA	0
154	mission_masung_ktv	0	0	None	Ring_Frostshield_1 Ring_Circlefrost_1 Ring_Frostarrow_1 Ring_Froststorm_1 Ring_Freezing_1	None	None	guild_bounty	1	<$>29381</>	MASUNG_KTV	Masung_Ktv_Today	None	None	None	<$>132048</>	67	67	3	GLimit_Masung_Lv3	Check_Mission_Day	3	-2	<$>132064</>	Day Sqd Mcc3 EXTRA	0
155	H_mission_masung_pot	0	0	None	None	None	None	guild_bounty	1	<$>133195</>	MASUNG_POT	Masung_Pot01_Hard	Masung_Pot02_Hard	None	None	<$>132048</>	72	72	3	GLimit_Masung_Hard	Check_Mission_Day	4	-4	<$>132062</>	Day Sqd Mcc3 EXTRA	0
156	H_mission_masung_tor	0	0	None	None	None	None	guild_bounty	1	<$>133193</>	MASUNG_TOR	Masung_Tor01_Hard	Masung_Tor02_Hard	None	None	<$>132048</>	72	72	3	GLimit_Masung_Hard	Check_Mission_Day	4	-4	<$>132065</>	Day Sqd Mcc3 EXTRA	0
157	H_mission_masung_jaq	0	0	None	None	None	None	guild_bounty	1	<$>133192</>	MASUNG_JAQ	Masung_Jaq_Hard	Masung_Jaq_Hard_Diary	None	None	<$>132048</>	72	72	3	GLimit_Masung_Hard	Check_Mission_Day	4	-4	<$>132063</>	Day Sqd Mcc3 EXTRA	0
158	H_mission_masung_ust	0	0	None	None	None	None	guild_bounty	1	<$>133152</>	MASUNG_UST	Masung_Ust_Hard	Masung_Ust_Hard_Diary	None	None	<$>132048</>	72	72	3	GLimit_Masung_Hard	Check_Mission_Day	4	-4	<$>132062</>	Day Sqd Mcc3 EXTRA	0
159	H_mission_masung_bah	0	0	None	None	None	None	guild_bounty	1	<$>133187</>	MASUNG_BAH	Masung_Bah_Hard	Masung_Bah_Hard_Diary	None	None	<$>132048</>	72	72	3	GLimit_Masung_Hard	Check_Mission_Day	4	-4	<$>132062</>	Day Sqd Mcc3 EXTRA	0
160	H_mission_masung_sed	0	0	None	None	None	None	guild_bounty	1	<$>133190</>	MASUNG_SED	Masung_Sed_Hard	Masung_Sed_Hard_Diary	None	None	<$>132048</>	72	72	3	GLimit_Masung_Hard	Check_Mission_Day	4	-4	<$>132065</>	Day Sqd Mcc3 EXTRA	0
161	H_mission_masung_erc	0	0	None	None	None	None	guild_bounty	1	<$>133191</>	MASUNG_ERC	Masung_Erc_Hard	Masung_Erc_Hard_Diary	None	None	<$>132048</>	72	72	3	GLimit_Masung_Hard	Check_Mission_Day	4	-4	<$>132062</>	Day Sqd Mcc3 EXTRA	0
162	H_mission_masung_tbk	0	0	None	None	None	None	guild_bounty	1	<$>133194</>	MASUNG_TBK	Masung_Tbk_Hard	Masung_Tbk_Hard_Diary	None	None	<$>132048</>	72	72	3	GLimit_Masung_Hard	Check_Mission_Day	4	-4	<$>132067</>	Day Sqd Mcc3 EXTRA	0
163	H_mission_masung_sct	0	0	None	None	None	None	guild_bounty	1	<$>133188</>	MASUNG_SCT	Masung_Sct_Hard	Masung_Sct_Hard_Diary	None	None	<$>132048</>	72	72	3	GLimit_Masung_Hard	Check_Mission_Day	4	-4	<$>132063</>	Day Sqd Mcc3 EXTRA	0
164	H_mission_masung_ktv	0	0	None	None	None	None	guild_bounty	1	<$>133189</>	MASUNG_KTV	Masung_Ktv_Hard	Masung_Ktv_Hard_Diary	None	None	<$>132048</>	72	72	3	GLimit_Masung_Hard	Check_Mission_Day	4	-4	<$>132064</>	Day Sqd Mcc3 EXTRA	0
165	mission_montorofinal	0	0	<$>132098</>	Manual_Soulbringer Recipe_MontoroRing Recipe_Weapon_Stratadevil Recipe_Armor_Stratadevil Recipe_Devil_Boots Recipe_Devil_Neck Recipe_Devil_Gloves Recipe_Devil_Earring Recipe_Devil_Belts	None	None	dun_caslucifer02	1	<$>47954</>	LUCIFER_1_3_CON	Mission_Montoro_Day	None	None	Lock_Dun_Caslucifer	None	83	78	3	None	Check_Mission_Week	-8	-15	<$>132099</>	Week Mcc3 Sqd	2
166	mission_challenge_01	0	0	None	CouponLv_22 CouponLv_23 CouponLv_24 CouponLv_25 CouponLv_26 CouponLv_27	None	None	guild_bounty	5	<$>117909</>	INFINITO	Challenge_Day	Challenge_Try	None	None	None	52	52	1	GLimit_Challenge_05	Check_Mission_Day	48	0	<$>132101</>	Day Bnt Solo Mcc3	0
167	mission_fahrel_raid	0	0	None	Manual_RosaSecreta Recipe_Metal_Crystal_35 Recipe_Leather_Crystal_35 Recipe_Coat_Crystal_35 Recipe_Robe_Crystal_35 Recipe_Devil_Boots Recipe_Devil_Neck Recipe_Devil_Gloves Recipe_Devil_Earring Recipe_Devil_Belts MagicRose Nephthys_Pattern DeathWarith_Essence Cortes_Volition Yufuegen_RevengeMantra_Branch Sauterelle_Clothe Arbremon_Skin Devil_Dream	None	None	dun_clocklobby	1	<$>156881</>	DUN_CLOCK_MISSION	Viron_Fahrel_Day	None	None	None	None	79	77	4	None	Check_Mission_Week	4	-4	<$>163244</>	Week Mcc3 Sqd	0
168	mission_talos_normal	0	0	<$>197343</>	LumpOfGold Symbol_Callisto Symbol_Lykaon Symbol_Arachne Symbol_Bynw Symbol_Pegasus Talos_piece1 Talos_piece2 Talos_piece3 Talos_piece4 Talos_piece5	None	None	bedel_basic	1	<$>175950</>	NPC_MISSION_TALOS	Date_Mission_Talos	None	None	CommanderLv	None	71	69	3	None	Check_Mission_Day	0	0	<$>237274</>	Mcc3 Sqd EXTRA	30
169	mission_talos_hard	0	0	<$>197343</>	LumpOfGold Symbol_Callisto Symbol_Lykaon Symbol_Arachne Symbol_Bynw Symbol_Pegasus Talos_piece1 Talos_piece2 Talos_piece3 Talos_piece4 Talos_piece5 Recipe_TalosRing	None	None	bedel_basic	1	<$>175951</>	NPC_MISSION_TALOS	Date_Mission_Talos	None	None	CommanderLv	<$>132048</>	74	72	3	None	Check_Mission_Day	0	-2	<$>237274</>	Mcc3 Sqd EXTRA	30
170	mission_talos_hell	0	0	<$>197343</>	LumpOfPlatinum Symbol_Callisto Symbol_Lykaon Symbol_Arachne Symbol_Bynw Symbol_Pegasus Talos_piece1 Talos_piece2 Talos_piece3 Talos_piece4 Talos_piece5 Recipe_TalosRing	None	None	bedel_basic	1	<$>175952</>	NPC_MISSION_TALOS	Date_Mission_Talos	None	None	CommanderLv	<$>132048</>	81	79	4	None	Check_Mission_Day	-3	-4	<$>237274</>	Mcc3 Sqd EXTRA	30
171	mission_week_ele01	0	0	<$>199247</>	None	ShinyCrystal 500	None	fld_coim	1	<$>183994</>	NPC_WEEK_ELE_MISSION	Ele_Mission_Day	Ele_Mission_Use	None	None	None	73	73	4	GLimit_weel_ele01	Check_Mission_WeekDay	6	-4	<$>132078</>	Mcc3	0
172	mission_week_ele02	0	0	<$>199248</>	None	ShinyCrystal 500	None	fld_coim	1	<$>183992</>	NPC_WEEK_ELE_MISSION	Ele_Mission_Day	Ele_Mission_Use	None	None	None	73	73	4	GLimit_weel_ele02	Check_Mission_WeekDay	6	-4	<$>132054</>	Mcc3	0
173	mission_week_ele03	0	0	<$>199249</>	None	ShinyCrystal 500	None	fld_coim	1	<$>183998</>	NPC_WEEK_ELE_MISSION	Ele_Mission_Day	Ele_Mission_Use	None	None	None	73	73	4	GLimit_weel_ele03	Check_Mission_WeekDay	6	-4	<$>132100</>	Mcc3	0
174	mission_week_ele04	0	0	<$>199250</>	None	ShinyCrystal 500	None	fld_coim	1	<$>183989</>	NPC_WEEK_ELE_MISSION	Ele_Mission_Day	Ele_Mission_Use	None	None	None	73	73	4	GLimit_weel_ele04	Check_Mission_WeekDay	6	-4	<$>132050</>	Mcc3	0
175	mission_week_ele05	0	0	<$>199251</>	None	ShinyCrystal 500	None	fld_coim	1	<$>183996</>	NPC_WEEK_ELE_MISSION	Ele_Mission_Day	Ele_Mission_Use	None	None	None	73	73	4	GLimit_weel_ele05	Check_Mission_WeekDay	6	-4	<$>132086</>	Mcc3	0
176	mission_dun_skyroad	0	0	<$>214754</>	Recipe_OrdenEarring Recipe_Valeron_Robe Recipe_Valeron_Coat Recipe_Valeron_Leather Recipe_Valeron_Metal Recipe_Valeron_Earring Recipe_Valeron_Belt Recipe_Valeron_Neck Recipe_Valeron_Gloves Recipe_Valeron_Boots ValeronWep_Recipe_Piece Ile_Armorpiece1 Ile_Armorpiece2 Ile_Armorpiece3	None	None	dun_casile03_hard	1	<$>212210</>	DUN_CASILE03_MISSION_GATE	Mission_Skyroad_Day	None	None	CommanderLv	<$>132048</>	94	88	4	None	Check_Mission_Week	-5	-5	<$>213526</>	Week Mcc3 Sqd	30
177	mission_alt_fireriver	0	0	<$>228426</>	None	None	None	alt_basic	1	<$>227715</>	C1_ALT_NOA	Mission_Queenietula_Day	None	None	Quest_40009	<$>132048</>	85	83	4	GLimit_Mission_Queenietula	Check_Mission_Day	4	-4	<$>132100</>	Day Sqd Mcc3 EXTRA	200
178	mission_alt_fld03	0	0	<$>228426</>	None	None	None	alt_basic	1	<$>228966</>	C1_ALT_NOA	Mission_Putdf_Day	None	None	Quest_40009	<$>132048</>	85	83	4	GLimit_Mission_alt_fld03	Check_Mission_Day	4	-4	<$>132086</>	Day Sqd Mcc3 EXTRA	200
179	mission_quiritatio1	0	0	<$>13438</>	Alt_Essence Charlot_Essence Chloe_Essence Orden_Essence Atlas_Essence Stellar_Essence	dun_alt_key -1	None	dun_qiritatio01	1	<$>233984</>	DUN_QUIRITATIO_01	Quiritatio_Today	None	None	None	<$>132048</>	84	82	4	GLimit_Qiritatio_01	Check_Mission_Day	4	-4	<$>237275</>	Day Sqd Mcc3 EXTRA	0
180	mission_quiritatio2	0	0	<$>13438</>	Alt_Essence Charlot_Essence Chloe_Essence Orden_Essence Atlas_Essence Stellar_Essence	dun_alt_key -1	None	dun_qiritatio01	1	<$>233985</>	DUN_QUIRITATIO_01	Quiritatio_Today	None	None	None	<$>132048</>	84	83	4	GLimit_Qiritatio_02	Check_Mission_Day	4	-4	<$>237276</>	Day Sqd Mcc3 EXTRA	0
181	mission_quiritatio3	0	0	<$>13438</>	Alt_Essence Charlot_Essence Chloe_Essence Orden_Essence Atlas_Essence Stellar_Essence	dun_alt_key -1	None	dun_qiritatio01	1	<$>233986</>	DUN_QUIRITATIO_01	Quiritatio_Today	None	None	None	<$>132048</>	84	81	4	GLimit_Qiritatio_03	Check_Mission_Day	4	-4	<$>237276</>	Day Sqd Mcc3 EXTRA	0
182	mission_quiritatio4	0	0	<$>13438</>	Alt_Essence Charlot_Essence Chloe_Essence Orden_Essence Atlas_Essence Stellar_Essence	dun_alt_key -1	None	dun_qiritatio01	1	<$>233987</>	DUN_QUIRITATIO_01	Quiritatio_Today	None	None	None	<$>132048</>	83	81	4	GLimit_Qiritatio_04	Check_Mission_Day	4	-4	<$>237277</>	Day Sqd Mcc3 EXTRA	0
183	mission_quiritatio5	0	0	<$>13438</>	Alt_Essence Charlot_Essence Chloe_Essence Orden_Essence Atlas_Essence Stellar_Essence	dun_alt_key -1	None	dun_qiritatio01	1	<$>233988</>	DUN_QUIRITATIO_01	Quiritatio_Today	None	None	None	<$>132048</>	82	81	4	GLimit_Qiritatio_05	Check_Mission_Day	4	-4	<$>237276</>	Day Sqd Mcc3 EXTRA	0
184	mission_quiritatio6	0	0	<$>13438</>	Alt_Essence Charlot_Essence Chloe_Essence Orden_Essence Atlas_Essence Stellar_Essence	dun_alt_key -1	None	dun_qiritatio01	1	<$>233989</>	DUN_QUIRITATIO_01	Quiritatio_Today	None	None	None	<$>132048</>	82	81	4	GLimit_Qiritatio_06	Check_Mission_Day	4	-4	<$>237277</>	Day Sqd Mcc3 EXTRA	0
185	mission_quiritatio7	0	0	<$>13438</>	Alt_Essence Charlot_Essence Chloe_Essence Orden_Essence Atlas_Essence Stellar_Essence	dun_alt_key -1	None	dun_qiritatio01	1	<$>233990</>	DUN_QUIRITATIO_01	Quiritatio_Today	None	None	None	<$>132048</>	87	84	4	GLimit_Qiritatio_07	Check_Mission_Day	4	-4	<$>237278</>	Day Sqd Mcc3 EXTRA	0
186	mission_quiritatio8	0	0	<$>13438</>	Alt_Essence Charlot_Essence Chloe_Essence Orden_Essence Atlas_Essence Stellar_Essence	dun_alt_key -1	None	dun_qiritatio01	1	<$>233991</>	DUN_QUIRITATIO_01	Quiritatio_Today	None	None	None	<$>132048</>	85	84	4	GLimit_Qiritatio_08	Check_Mission_Day	4	-4	<$>237277</>	Day Sqd Mcc3 EXTRA	0
187	mission_quiritatio9	0	0	<$>13438</>	Alt_Essence Charlot_Essence Chloe_Essence Orden_Essence Atlas_Essence Stellar_Essence	dun_alt_key -1	None	dun_qiritatio01	1	<$>233992</>	DUN_QUIRITATIO_01	Quiritatio_Today	None	None	None	<$>132048</>	84	77	4	GLimit_Qiritatio_09	Check_Mission_Day	4	-4	<$>237279</>	Day Sqd Mcc3 EXTRA	0
188	mission_quiritatio10	0	0	<$>13438</>	Alt_Essence Charlot_Essence Chloe_Essence Orden_Essence Atlas_Essence Stellar_Essence	dun_alt_key -1	None	dun_qiritatio01	1	<$>233993</>	DUN_QUIRITATIO_01	Quiritatio_Today	None	None	None	<$>132048</>	86	80	4	GLimit_Qiritatio_10	Check_Mission_Day	4	-4	<$>237280</>	Day Sqd Mcc3 EXTRA	0
189	mission_darkpriest_h	0	0	<$>141893</>	black_armoniumore Recipe_AbyssArmaDagger Recipe_AbyssArmaPistol Recipe_AbyssArmaTHSword Recipe_AbyssArmaCrescent Recipe_AbyssArmaRapier Recipe_AbyssArmaKnuckle Recipe_AbyssArmaLeguard Recipe_AbyssArmaTonfa Recipe_AbyssArmaFireBrc Recipe_AbyssArmaLghtBrc Recipe_AbyssArmaIceBrc Recipe_AbyssArmaSword Recipe_AbyssArmaLute Recipe_AbyssArmaElemBrc Recipe_AbyssArmaPolearm Recipe_AbyssArmaJavelin Recipe_AbyssArmaRod Recipe_AbyssArmaStaff Recipe_AbyssArmaMainG Recipe_AbyssArmaCrossBow Recipe_AbyssArmaBlunt Recipe_AbyssArmaBayonet Recipe_AbyssArmaCannon Recipe_AbyssArmaShotgun Recipe_AbyssArmaSabre Recipe_AbyssArmaShield Recipe_AbyssArmaBook Recipe_AbyssArmaTool Recipe_AbyssArmaController Recipe_AbyssArmaPendant Recipe_AbyssArmaHeavyRifle Recipe_AbyssArmaRosario	None	None	arm_dunbasic	1	<$>235973</>	arm_necrobible	DarkPriest_H_Today	None	None	None	<$>132048</>	86	84	4	GLimit_DarkPriest_H	Check_Mission_Day	26	-2	<$>132100</>	Day Sqd Mcc3 EXTRA	0
190	mission_arm_chaos_h	0	0	<$>141893</>	black_armoniumore Recipe_AbyssArmaDagger Recipe_AbyssArmaPistol Recipe_AbyssArmaTHSword Recipe_AbyssArmaCrescent Recipe_AbyssArmaRapier Recipe_AbyssArmaKnuckle Recipe_AbyssArmaLeguard Recipe_AbyssArmaTonfa Recipe_AbyssArmaFireBrc Recipe_AbyssArmaLghtBrc Recipe_AbyssArmaIceBrc Recipe_AbyssArmaSword Recipe_AbyssArmaLute Recipe_AbyssArmaElemBrc Recipe_AbyssArmaPolearm Recipe_AbyssArmaJavelin Recipe_AbyssArmaRod Recipe_AbyssArmaStaff Recipe_AbyssArmaMainG Recipe_AbyssArmaCrossBow Recipe_AbyssArmaBlunt Recipe_AbyssArmaBayonet Recipe_AbyssArmaCannon Recipe_AbyssArmaShotgun Recipe_AbyssArmaSabre Recipe_AbyssArmaShield Recipe_AbyssArmaBook Recipe_AbyssArmaTool Recipe_AbyssArmaController Recipe_AbyssArmaPendant Recipe_AbyssArmaHeavyRifle Recipe_AbyssArmaRosario	None	None	arm_dunbasic	1	<$>235974</>	arm_necrobible	AbyssKnight_H_Today	None	None	None	<$>132048</>	83	83	4	GLimit_Arm_Day_Chaos_H_KOR	Check_Mission_Day	20	-8	<$>132086</>	Day Sqd Mcc3 EXTRA	0
191	mission_arm_madness_h	0	0	<$>141893</>	black_armoniumore Recipe_AbyssArmaDagger Recipe_AbyssArmaPistol Recipe_AbyssArmaTHSword Recipe_AbyssArmaCrescent Recipe_AbyssArmaRapier Recipe_AbyssArmaKnuckle Recipe_AbyssArmaLeguard Recipe_AbyssArmaTonfa Recipe_AbyssArmaFireBrc Recipe_AbyssArmaLghtBrc Recipe_AbyssArmaIceBrc Recipe_AbyssArmaSword Recipe_AbyssArmaLute Recipe_AbyssArmaElemBrc Recipe_AbyssArmaPolearm Recipe_AbyssArmaJavelin Recipe_AbyssArmaRod Recipe_AbyssArmaStaff Recipe_AbyssArmaMainG Recipe_AbyssArmaCrossBow Recipe_AbyssArmaBlunt Recipe_AbyssArmaBayonet Recipe_AbyssArmaCannon Recipe_AbyssArmaShotgun Recipe_AbyssArmaSabre Recipe_AbyssArmaShield Recipe_AbyssArmaBook Recipe_AbyssArmaTool Recipe_AbyssArmaController Recipe_AbyssArmaPendant Recipe_AbyssArmaHeavyRifle Recipe_AbyssArmaRosario	None	None	arm_dunbasic	1	<$>235975</>	arm_necrobible	AbyssMagic_H_Today	None	None	None	<$>132048</>	81	78	4	GLimit_Arm_Day_Mad_H	Check_Mission_Day	26	-2	<$>132100</>	Day Sqd Mcc3 EXTRA	0
192	mission_arm_hate_h	0	0	<$>141893</>	black_armoniumore Recipe_AbyssArmaDagger Recipe_AbyssArmaPistol Recipe_AbyssArmaTHSword Recipe_AbyssArmaCrescent Recipe_AbyssArmaRapier Recipe_AbyssArmaKnuckle Recipe_AbyssArmaLeguard Recipe_AbyssArmaTonfa Recipe_AbyssArmaFireBrc Recipe_AbyssArmaLghtBrc Recipe_AbyssArmaIceBrc Recipe_AbyssArmaSword Recipe_AbyssArmaLute Recipe_AbyssArmaElemBrc Recipe_AbyssArmaPolearm Recipe_AbyssArmaJavelin Recipe_AbyssArmaRod Recipe_AbyssArmaStaff Recipe_AbyssArmaMainG Recipe_AbyssArmaCrossBow Recipe_AbyssArmaBlunt Recipe_AbyssArmaBayonet Recipe_AbyssArmaCannon Recipe_AbyssArmaShotgun Recipe_AbyssArmaSabre Recipe_AbyssArmaShield Recipe_AbyssArmaBook Recipe_AbyssArmaTool Recipe_AbyssArmaController Recipe_AbyssArmaPendant Recipe_AbyssArmaHeavyRifle Recipe_AbyssArmaRosario	None	None	arm_dunbasic	1	<$>235976</>	arm_necrobible	AbyssHate_H_Today	None	None	None	<$>132048</>	83	84	4	GLimit_Arm_Day_Hate_H	Check_Mission_Day	26	-13	<$>132104</>	Day Sqd Mcc3 EXTRA	0
193	mission_arm_fury_h	0	0	<$>141893</>	black_armoniumore Recipe_AbyssArmaDagger Recipe_AbyssArmaPistol Recipe_AbyssArmaTHSword Recipe_AbyssArmaCrescent Recipe_AbyssArmaRapier Recipe_AbyssArmaKnuckle Recipe_AbyssArmaLeguard Recipe_AbyssArmaTonfa Recipe_AbyssArmaFireBrc Recipe_AbyssArmaLghtBrc Recipe_AbyssArmaIceBrc Recipe_AbyssArmaSword Recipe_AbyssArmaLute Recipe_AbyssArmaElemBrc Recipe_AbyssArmaPolearm Recipe_AbyssArmaJavelin Recipe_AbyssArmaRod Recipe_AbyssArmaStaff Recipe_AbyssArmaMainG Recipe_AbyssArmaCrossBow Recipe_AbyssArmaBlunt Recipe_AbyssArmaBayonet Recipe_AbyssArmaCannon Recipe_AbyssArmaShotgun Recipe_AbyssArmaSabre Recipe_AbyssArmaShield Recipe_AbyssArmaBook Recipe_AbyssArmaTool Recipe_AbyssArmaController Recipe_AbyssArmaPendant Recipe_AbyssArmaHeavyRifle Recipe_AbyssArmaRosario	None	None	arm_dunbasic	1	<$>235977</>	arm_necrobible	AbyssFury_H_Today	None	None	None	<$>132048</>	84	82	4	GLimit_Arm_Day_Fury_H	Check_Mission_Day	4	-4	<$>141894</>	Day Sqd Mcc3 EXTRA	0
194	mission_ifarm01	0	0	<$>237281</>	None	None	None	ifarm_basic	1	<$>236402</>	C1_IFARM_NECRO_BIBLE	MissionIfarm01	None	None	None	<$>132048</>	80	79	4	GLimit_If_arm01	Check_Mission_Day	4	-4	<$>141894</>	Day Sqd Mcc3 EXTRA	0
195	mission_ifarm02	0	0	<$>237281</>	None	None	None	ifarm_basic	1	<$>236403</>	C1_IFARM_NECRO_BIBLE	MissionIfarm02	None	None	None	<$>132048</>	80	79	4	GLimit_If_arm02	Check_Mission_Day	4	-4	<$>141894</>	Day Sqd Mcc3 EXTRA	0
196	mission_ifarm03	0	0	<$>237281</>	None	None	None	ifarm_basic	1	<$>164995</>	C1_IFARM_NECRO_BIBLE	MissionIfarm03	None	None	None	<$>132048</>	83	81	4	GLimit_If_arm03	Check_Mission_Day	4	-4	<$>141894</>	Day Sqd Mcc3 EXTRA	0
