ClassID	Group	ItemClassName	ItemName	Rank	Ratio
1	Cos	SunsetStripeSuit1_Cos	<$>28816</>	0	2920
2	Cos	CamisadeSoldado_Cos	<$>28817</>	0	2920
3	Cos	TheGladiator_Cos	<$>28818</>	0	2920
4	Cos	LaranjaEPreto_Cos	<$>28819</>	0	2920
5	Cos	BoneFrameArmor_Cos	<$>28820</>	0	2920
6	Cos	BoneFrameArmor_Cos	<$>28820</>	0	2920
7	Cos	DragoonCoat_Cos	<$>28821</>	0	2920
8	Cos	DragoonCoat_Cos	<$>28821</>	0	2920
9	Cos	PantheraJaquette_Cos	<$>28822</>	0	2920
10	Cos	LaVentisca_Cos	<$>28823</>	0	2920
11	Cos	RescueSuit_Cos	<$>28824</>	0	2920
12	Cos	CapezzoloDiPericolo_Cos	<$>28825</>	0	2920
13	Cos	CapezzoloDiPericolo_Cos	<$>28825</>	0	2920
14	Cos	Albaes_Cos	<$>28826</>	0	2920
15	Cos	ClaraMago_Cos	<$>28827</>	0	2920
16	Cos	Striform_Cos	<$>28828</>	0	2920
17	Cos	CorsairRosso_Cos	<$>28829</>	0	2920
18	Cos	Elementalist_Cos	<$>28830</>	0	2920
19	Cos	Alegrias_Cos	<$>28831</>	0	2920
20	Cos	RosaMatrimonio_Cos	<$>28832</>	0	2920
21	Cos	PlateMail_Cos	<$>28833</>	0	2920
22	Cos	LeatherArmor1_Cos	<$>28834</>	0	2920
23	Cos	StuddedleatherArmor1_Cos	<$>28835</>	0	2920
24	Cos	ScaleArmor1_Cos	<$>28836</>	0	2920
25	Cos	FieldPlate1_Cos	<$>28837</>	0	2920
26	Cos	LongCoat1_Cos	<$>28838</>	0	2920
27	Cos	Redingote1_Cos	<$>28839</>	0	2920
28	Cos	JustoCoprs1_Cos	<$>28840</>	0	2920
29	Cos	FireRobe3_Cos	<$>28841</>	0	2920
30	Cos	IceRobe3_Cos	<$>28842</>	0	2921
31	Cos	LightningRobe3_Cos	<$>28843</>	0	2921
32	Cos	FireRobe52_New_Cos	<$>28844</>	0	2921
33	Cos	IceRobe52_New_Cos	<$>28845</>	0	2921
34	Cos	LightningRobe52_New_Cos	<$>28846</>	0	2921
35	Cos	SchoolLook	<$>28866</>	0	13
36	Cos	SchoolLookSCT	<$>28873</>	0	13
37	Cos	SchoolLookWIZ	<$>28874</>	0	13
38	Cos	SchoolLookMUS	<$>28872</>	0	13
39	Cos	SchoolLookWAR	<$>28875</>	0	13
40	Cos	BistreCostume	<$>28876</>	0	13
41	Cos	DebaucheeCostume	<$>28879</>	0	13
42	Cos	BattleSmithCostume	<$>28880</>	0	13
43	Cos	PirateCostume	<$>28877</>	0	13
44	Cos	EmilSageCostume	<$>28881</>	0	13
45	Cos	WarcookerCostume	<$>28878</>	0	13
46	Cos	NoblessCoatCostume	<$>28882</>	0	13
47	Cos	MizViolet	<$>28864</>	0	13
48	Cos	NaharuRosa	<$>28865</>	0	13
49	Cos	BearSuit2	<$>29067</>	0	13
50	Cos	BanderaPirataCostume	<$>28884</>	0	13
51	Cos	RosaCaninaCostume	<$>28885</>	0	13
52	Cos	BellyDancerCostume	<$>28886</>	0	13
53	Cos	MetalSpiritCostume	<$>28887</>	0	13
54	Cos	PromenadeDressCostume	<$>28888</>	0	13
55	Cos	LeafageSuitCostume	<$>28889</>	0	13
56	Cos	ShalwarKamisCostume	<$>28890</>	0	13
57	Cos	WildGuyCostume	<$>28891</>	0	13
58	Cos	GorgeousSuitCostume	<$>28892</>	0	13
59	Cos	GrimPheonixCostume	<$>28893</>	0	13
60	Cos	DesperadoSuitCostume	<$>28894</>	0	13
61	Cos	ArchitectureUniformCostume	<$>28897</>	0	13
62	Cos	JuniorSchoollookCostume	<$>28898</>	0	13
63	Cos	KickBoxerCostume	<$>28899</>	0	13
64	Cos	DecoruosHuntersuit	<$>28900</>	0	13
65	Cos	DisDashaCostume	<$>28901</>	0	13
66	Cos	RaffineCostume	<$>28902</>	0	13
67	Cos	SchoolLookFGT2	<$>28991</>	0	13
68	Cos	SchoolLookMUS2	<$>28992</>	0	13
69	Cos	SchoolLookSCT2	<$>28993</>	0	13
70	Cos	SchoolLookWIZ2	<$>28994</>	0	13
71	Cos	SchoolLookWAR2	<$>28995</>	0	13
72	Cos	ChipaoCostume	<$>28903</>	0	13
73	Cos	KoreanCostume_WAR_F	<$>28996</>	0	13
74	Cos	CenturionCostume	<$>28904</>	0	13
75	Cos	RegimentUniformCostume	<$>28905</>	0	13
76	Cos	CoimCenturionCostume	<$>28909</>	0	13
77	Cos	OutrageousCostume	<$>28910</>	0	13
78	Cos	SantaCostumeFGT	<$>29002</>	0	13
79	Cos	SantaCostumeMUS	<$>29003</>	0	13
80	Cos	SantaCostumeSCT	<$>29004</>	0	13
81	Cos	SantaCostumeWIZ	<$>29005</>	0	13
82	Cos	SantaCostumeWAR	<$>29006</>	0	13
83	Cos	KalidCostume	<$>28914</>	0	13
84	Cos	LuxuryDiscipleCostume	<$>28915</>	0	13
85	Cos	ImmortalChiefCostume	<$>28916</>	0	13
86	Cos	NarcisoCostume	<$>28917</>	0	13
87	Cos	CrusaderCoatCostume	<$>28918</>	0	13
88	Cos	ByzantkohlCostume	<$>28919</>	0	13
89	Cos	CockatriesSuitCostume	<$>28922</>	0	13
1001	Cos	SunsetStripeSuit1_Cos	<$>28816</>	1	2353
1002	Cos	CamisadeSoldado_Cos	<$>28817</>	1	2354
1003	Cos	TheGladiator_Cos	<$>28818</>	1	2354
1004	Cos	LaranjaEPreto_Cos	<$>28819</>	1	2354
1005	Cos	BoneFrameArmor_Cos	<$>28820</>	1	2354
1006	Cos	BoneFrameArmor_Cos	<$>28820</>	1	2354
1007	Cos	DragoonCoat_Cos	<$>28821</>	1	2354
1008	Cos	DragoonCoat_Cos	<$>28821</>	1	2354
1009	Cos	PantheraJaquette_Cos	<$>28822</>	1	2354
1010	Cos	LaVentisca_Cos	<$>28823</>	1	2354
1011	Cos	RescueSuit_Cos	<$>28824</>	1	2354
1012	Cos	CapezzoloDiPericolo_Cos	<$>28825</>	1	2354
1013	Cos	CapezzoloDiPericolo_Cos	<$>28825</>	1	2354
1014	Cos	Albaes_Cos	<$>28826</>	1	2354
1015	Cos	ClaraMago_Cos	<$>28827</>	1	2354
1016	Cos	Striform_Cos	<$>28828</>	1	2354
1017	Cos	CorsairRosso_Cos	<$>28829</>	1	2354
1018	Cos	Elementalist_Cos	<$>28830</>	1	2354
1019	Cos	Alegrias_Cos	<$>28831</>	1	2354
1020	Cos	RosaMatrimonio_Cos	<$>28832</>	1	2354
1021	Cos	PlateMail_Cos	<$>28833</>	1	2354
1022	Cos	LeatherArmor1_Cos	<$>28834</>	1	2354
1023	Cos	StuddedleatherArmor1_Cos	<$>28835</>	1	2354
1024	Cos	ScaleArmor1_Cos	<$>28836</>	1	2354
1025	Cos	FieldPlate1_Cos	<$>28837</>	1	2354
1026	Cos	LongCoat1_Cos	<$>28838</>	1	2354
1027	Cos	Redingote1_Cos	<$>28839</>	1	2354
1028	Cos	JustoCoprs1_Cos	<$>28840</>	1	2354
1029	Cos	FireRobe3_Cos	<$>28841</>	1	2354
1030	Cos	IceRobe3_Cos	<$>28842</>	1	2354
1031	Cos	LightningRobe3_Cos	<$>28843</>	1	2354
1032	Cos	FireRobe52_New_Cos	<$>28844</>	1	2354
1033	Cos	IceRobe52_New_Cos	<$>28845</>	1	2354
1034	Cos	LightningRobe52_New_Cos	<$>28846</>	1	2354
1035	Cos	SchoolLook	<$>28866</>	1	363
1036	Cos	SchoolLookSCT	<$>28873</>	1	363
1037	Cos	SchoolLookWIZ	<$>28874</>	1	363
1038	Cos	SchoolLookMUS	<$>28872</>	1	363
1039	Cos	SchoolLookWAR	<$>28875</>	1	363
1040	Cos	BistreCostume	<$>28876</>	1	363
1041	Cos	DebaucheeCostume	<$>28879</>	1	363
1042	Cos	BattleSmithCostume	<$>28880</>	1	363
1043	Cos	PirateCostume	<$>28877</>	1	363
1044	Cos	EmilSageCostume	<$>28881</>	1	363
1045	Cos	WarcookerCostume	<$>28878</>	1	363
1046	Cos	NoblessCoatCostume	<$>28882</>	1	363
1047	Cos	MizViolet	<$>28864</>	1	363
1048	Cos	NaharuRosa	<$>28865</>	1	363
1049	Cos	BearSuit2	<$>29067</>	1	363
1050	Cos	BanderaPirataCostume	<$>28884</>	1	363
1051	Cos	RosaCaninaCostume	<$>28885</>	1	363
1052	Cos	BellyDancerCostume	<$>28886</>	1	363
1053	Cos	MetalSpiritCostume	<$>28887</>	1	363
1054	Cos	PromenadeDressCostume	<$>28888</>	1	363
1055	Cos	LeafageSuitCostume	<$>28889</>	1	363
1056	Cos	ShalwarKamisCostume	<$>28890</>	1	363
1057	Cos	WildGuyCostume	<$>28891</>	1	363
1058	Cos	GorgeousSuitCostume	<$>28892</>	1	363
1059	Cos	GrimPheonixCostume	<$>28893</>	1	363
1060	Cos	DesperadoSuitCostume	<$>28894</>	1	363
1061	Cos	ArchitectureUniformCostume	<$>28897</>	1	363
1062	Cos	JuniorSchoollookCostume	<$>28898</>	1	363
1063	Cos	KickBoxerCostume	<$>28899</>	1	363
1064	Cos	DecoruosHuntersuit	<$>28900</>	1	363
1065	Cos	DisDashaCostume	<$>28901</>	1	363
1066	Cos	RaffineCostume	<$>28902</>	1	363
1067	Cos	SchoolLookFGT2	<$>28991</>	1	363
1068	Cos	SchoolLookMUS2	<$>28992</>	1	363
1069	Cos	SchoolLookSCT2	<$>28993</>	1	363
1070	Cos	SchoolLookWIZ2	<$>28994</>	1	363
1071	Cos	SchoolLookWAR2	<$>28995</>	1	363
1072	Cos	ChipaoCostume	<$>28903</>	1	363
1073	Cos	KoreanCostume_WAR_F	<$>29345</>	1	363
1074	Cos	CenturionCostume	<$>28904</>	1	363
1075	Cos	RegimentUniformCostume	<$>28905</>	1	363
1076	Cos	CoimCenturionCostume	<$>28909</>	1	363
1077	Cos	OutrageousCostume	<$>28910</>	1	363
1078	Cos	SantaCostumeFGT	<$>29002</>	1	363
1079	Cos	SantaCostumeMUS	<$>29003</>	1	363
1080	Cos	SantaCostumeSCT	<$>29004</>	1	363
1081	Cos	SantaCostumeWIZ	<$>29005</>	1	363
1082	Cos	SantaCostumeWAR	<$>29006</>	1	363
1083	Cos	KalidCostume	<$>28914</>	1	363
1084	Cos	LuxuryDiscipleCostume	<$>28915</>	1	363
1085	Cos	ImmortalChiefCostume	<$>28916</>	1	363
1086	Cos	NarcisoCostume	<$>28917</>	1	363
1087	Cos	CrusaderCoatCostume	<$>28918</>	1	363
1088	Cos	ByzantkohlCostume	<$>28919</>	1	363
1089	Cos	CockatriesSuitCostume	<$>28922</>	1	363
2001	Cos	SchoolLook	<$>28866</>	2	1618
2002	Cos	SchoolLookSCT	<$>28873</>	2	1618
2003	Cos	SchoolLookWIZ	<$>28874</>	2	1618
2004	Cos	SchoolLookMUS	<$>28872</>	2	1618
2005	Cos	SchoolLookWAR	<$>28875</>	2	1618
2006	Cos	BistreCostume	<$>28876</>	2	1618
2007	Cos	DebaucheeCostume	<$>28879</>	2	1618
2008	Cos	BattleSmithCostume	<$>28880</>	2	1618
2009	Cos	PirateCostume	<$>28877</>	2	1618
2010	Cos	EmilSageCostume	<$>28881</>	2	1618
2011	Cos	WarcookerCostume	<$>28878</>	2	1618
2012	Cos	NoblessCoatCostume	<$>28882</>	2	1618
2013	Cos	MizViolet	<$>28864</>	2	1618
2014	Cos	NaharuRosa	<$>28865</>	2	1618
2015	Cos	BearSuit2	<$>29067</>	2	1618
2016	Cos	BanderaPirataCostume	<$>28884</>	2	1618
2017	Cos	RosaCaninaCostume	<$>28885</>	2	1618
2018	Cos	BellyDancerCostume	<$>28886</>	2	1618
2019	Cos	MetalSpiritCostume	<$>28887</>	2	1618
2020	Cos	PromenadeDressCostume	<$>28888</>	2	1618
2021	Cos	LeafageSuitCostume	<$>28889</>	2	1618
2022	Cos	ShalwarKamisCostume	<$>28890</>	2	1618
2023	Cos	WildGuyCostume	<$>28891</>	2	1618
2024	Cos	GorgeousSuitCostume	<$>28892</>	2	1618
2025	Cos	GrimPheonixCostume	<$>28893</>	2	1618
2026	Cos	DesperadoSuitCostume	<$>28894</>	2	1618
2027	Cos	ArchitectureUniformCostume	<$>28897</>	2	1618
2028	Cos	JuniorSchoollookCostume	<$>28898</>	2	1618
2029	Cos	KickBoxerCostume	<$>28899</>	2	1618
2030	Cos	DecoruosHuntersuit	<$>28900</>	2	1618
2031	Cos	DisDashaCostume	<$>28901</>	2	1618
2032	Cos	RaffineCostume	<$>28902</>	2	1618
2033	Cos	SchoolLookFGT2	<$>28991</>	2	1618
2034	Cos	SchoolLookMUS2	<$>28992</>	2	1618
2035	Cos	SchoolLookSCT2	<$>28993</>	2	1618
2036	Cos	SchoolLookWIZ2	<$>28994</>	2	1618
2037	Cos	SchoolLookWAR2	<$>28995</>	2	1618
2038	Cos	ChipaoCostume	<$>28903</>	2	1618
2039	Cos	KoreanCostume_WAR_F	<$>29345</>	2	1618
2040	Cos	CenturionCostume	<$>28904</>	2	1618
2041	Cos	RegimentUniformCostume	<$>28905</>	2	1618
2042	Cos	CoimCenturionCostume	<$>28909</>	2	1618
2043	Cos	OutrageousCostume	<$>28910</>	2	1618
2044	Cos	SantaCostumeFGT	<$>29002</>	2	1618
2045	Cos	SantaCostumeMUS	<$>29003</>	2	1618
2046	Cos	SantaCostumeSCT	<$>29004</>	2	1618
2047	Cos	SantaCostumeWIZ	<$>29005</>	2	1618
2048	Cos	SantaCostumeWAR	<$>29006</>	2	1618
2049	Cos	KalidCostume	<$>28914</>	2	1618
2050	Cos	LuxuryDiscipleCostume	<$>28915</>	2	1618
2051	Cos	ImmortalChiefCostume	<$>28916</>	2	1618
2052	Cos	NarcisoCostume	<$>28917</>	2	1618
2053	Cos	CrusaderCoatCostume	<$>28918</>	2	1618
2054	Cos	ByzantkohlCostume	<$>28919</>	2	1618
2055	Cos	CockatriesSuitCostume	<$>28922</>	2	1618
2056	Cos	WhiteVentCostume	<$>28923</>	2	126
2057	Cos	CorchicumCostume	<$>29046</>	2	126
2058	Cos	PrimavellaCostume	<$>29039</>	2	126
2059	Cos	CinerariaCostume	<$>29346</>	2	126
2060	Cos	BlaueSpielCosTume	<$>29044</>	2	126
2061	Cos	RosacamilleCostume	<$>29045</>	2	126
2062	Cos	SchneweisCostume	<$>29043</>	2	126
2063	Cos	FreesiaCostume	<$>29048</>	2	126
2064	Cos	IrischipaoCostume	<$>29041</>	2	126
2065	Cos	Caeromia_Ania	<$>28971</>	2	126
2066	Cos	BlackwisteriaCostume	<$>29040</>	2	126
2067	Cos	IberisCostume	<$>29042</>	2	126
2068	Cos	AgioRegion_FGT	<$>28960</>	2	126
2069	Cos	Zephyranthes_FGT	<$>28938</>	2	126
2070	Cos	Piernoente_FGT	<$>28944</>	2	126
2071	Cos	ArcaneroPlate_FGT	<$>28953</>	2	126
2072	Cos	RoseCamellia_FGT	<$>28934</>	2	126
2073	Cos	AsupRegion_FGT	<$>28965</>	2	126
2074	Cos	Calienalbino_WIZ	<$>28947</>	2	126
2075	Cos	MabroMetis_Wiz	<$>28963</>	2	126
2076	Cos	SlendorPeaco_WIZ	<$>28951</>	2	125
2077	Cos	BlacknessRose_WIZ	<$>28935</>	2	125
2078	Cos	MabroPeira_Wiz	<$>28968</>	2	125
2079	Cos	SlendKlolia_WIZ	<$>28958</>	2	125
2080	Cos	VeronicaChipao_WIZ	<$>28942</>	2	125
2081	Cos	Deinclian_WIZ	<$>28956</>	2	125
2082	Cos	TorosmataRen_SCT	<$>28952</>	2	125
2083	Cos	CronianThanatos_SCT	<$>28939</>	2	125
2084	Cos	Clarcana_SCT	<$>28955</>	2	125
2085	Cos	Inviardeco_SCT	<$>28946</>	2	125
2086	Cos	CronianNephthys_SCT	<$>28940</>	2	125
2087	Cos	TorozvahEll_SCT	<$>28959</>	2	125
2088	Cos	Variltorta_MUS	<$>28954</>	2	125
2089	Cos	Camaryllis_MUS	<$>28945</>	2	125
2090	Cos	BleRastere_MUS	<$>28961</>	2	125
2091	Cos	PhshiRastere_MUS	<$>28966</>	2	125
2092	Cos	CliviaSprite_MUS	<$>28936</>	2	125
2093	Cos	SpitClianthes_MUS	<$>28937</>	2	125
2094	Cos	Ruidestencia_WAR	<$>28957</>	2	125
2095	Cos	Geniaruleano_WAR	<$>28948</>	2	125
2096	Cos	OlgaPatricia_War	<$>28964</>	2	125
2097	Cos	GoldentaleMagius_WAR	<$>28941</>	2	125
2098	Cos	RosePatricia_War	<$>28969</>	2	125
2099	Cos	NanaArtogeia_WAR	<$>28943</>	2	125
2100	Cos	RaidPhraxi_SCT	<$>28967</>	2	125
2101	Cos	JadePhraxi_SCT	<$>28962</>	2	125
2102	Cos	BlueSerpent_WIZ_F	<$>29020</>	2	125
2103	Cos	BlueSerpent_WIZ_M	<$>29014</>	2	125
2104	Cos	Caerunis_Nar	<$>28970</>	2	125
2105	Cos	Lavender_Selva	<$>28976</>	2	125
2106	Cos	SakuraCostume	<$>29050</>	2	125
2107	Cos	GloriosaCostume	<$>29052</>	2	125
2108	Cos	GauraCostume	<$>29051</>	2	125
2109	Cos	CattleyaCos_Hell	<$>29054</>	2	125
2110	Cos	BlueSerpent_WAR_F	<$>29021</>	2	125
2111	Cos	BlueSerpent_WAR_M	<$>29015</>	2	125
2112	Cos	LordPlate_Grandma	<$>28978</>	2	125
2113	Cos	BristianNoble_Garcia	<$>28979</>	2	125
2114	Cos	BlueSerpent_SCT_F	<$>29019</>	2	125
2115	Cos	BlueSerpent_SCT_M	<$>29013</>	2	125
2116	Cos	LaFleurEcarlateCos_War	<$>29053</>	2	125
2117	Cos	Violeita_Lunatic	<$>28980</>	2	125
2118	Cos	BristianColonel_Eduardo	<$>28981</>	2	125
2119	Cos	BlueSerpent_FGT_F	<$>106816</>	2	125
2120	Cos	BlueSerpent_FGT_M	<$>106817</>	2	125
2121	Cos	DelangeSouriantCostume	<$>29058</>	2	125
2122	Cos	BlueSerpent_FUS_F	<$>29018</>	2	125
2123	Cos	BlueSerpent_MUS_M	<$>29012</>	2	125
2124	Cos	lionnoble_JPN	<$>29062</>	2	125
2125	Cos	BlueSerpentPlate_FGT_F	<$>29016</>	2	125
2126	Cos	BlueSerpentPlate_FGT_M	<$>29010</>	2	125
2127	Cos	FlammeBlanche_JPN	<$>29055</>	2	125
2128	Cos	sensation_JPN	<$>29059</>	2	125
2129	Cos	chevre_JPN	<$>29061</>	2	125
2130	Cos	TrifoliumCos_JPN	<$>29056</>	2	125
2131	Cos	BeachWearFGT_Infinite	<$>28986</>	2	125
2132	Cos	BeachWearMUS_Infinite	<$>28987</>	2	125
2133	Cos	BeachWearSCT_Infinite	<$>28988</>	2	125
2134	Cos	BeachWearWIZ_Infinite	<$>28989</>	2	125
2135	Cos	BeachWearWAR_Infinite	<$>28990</>	2	125
10001	Head	Hat	<$>29094</>	0	3423
10002	Head	RoundtopHat	<$>29095</>	0	3423
10003	Head	EngineerCap	<$>29096</>	0	3423
10004	Head	FencerHat	<$>29097</>	0	3423
10005	Head	MechanicCap	<$>29098</>	0	3423
10006	Head	Ironmask	<$>29099</>	0	3423
10007	Head	CamisaHat	<$>29100</>	0	3423
10008	Head	GladiatorHat	<$>29101</>	0	3423
10009	Head	PartyHat	<$>29102</>	0	3423
10010	Head	OperaHat	<$>29103</>	0	3423
10011	Head	OutingHat	<$>29104</>	0	3423
10012	Head	IrolinaHat	<$>29105</>	0	3423
10013	Head	AlbaesHat	<$>29106</>	0	3423
10014	Head	ClaramagoHat	<$>29107</>	0	3423
10015	Head	IvoryHomburg	<$>29108</>	0	3423
10016	Head	BluishFeatherHat	<$>29109</>	0	3423
10017	Head	PericoloHat	<$>29110</>	0	3423
10018	Head	MusketSidecap	<$>29111</>	0	3423
10019	Head	TriumphHorn	<$>29112</>	0	3423
10020	Head	BlackFeatherSidecap	<$>29113</>	0	3423
10021	Head	MusketTricornHat	<$>29114</>	0	3423
10022	Head	CorsairHat	<$>29115</>	0	3423
10023	Head	FireProtectorHat	<$>29116</>	0	3423
10024	Head	IceProtectorHat	<$>29117</>	0	3423
10025	Head	LightProtectorHat	<$>29118</>	0	3423
10026	Head	Shapka	<$>29119</>	0	3423
10027	Head	ElementalistHat	<$>29120</>	0	3423
10028	Head	AlegriasHat	<$>29121</>	0	3423
10029	Head	RosaRibon	<$>29122</>	0	3424
10030	Head	PanfiloHat	<$>29123</>	0	6
10031	Head	Hawkeyes	<$>29124</>	0	6
10032	Head	BlacksmithCap1	<$>29125</>	0	6
10033	Head	SnipersCap	<$>29126</>	0	6
10034	Head	TargaTurbun	<$>29127</>	0	6
10035	Head	SwordmanHelm	<$>29128</>	0	6
10036	Head	TrooperHelm	<$>29129</>	0	6
10037	Head	YeganehHat	<$>29130</>	0	6
10038	Head	DilosHat	<$>29131</>	0	6
10039	Head	MaidHairband	<$>14279</>	0	6
10040	Head	Bearhat	<$>29132</>	0	6
10041	Head	Bunnyband	<$>29133</>	0	6
10042	Head	Santahat	<$>29134</>	0	6
10043	Head	Rudolfhorn	<$>29135</>	0	6
10044	Head	Bearhat2	<$>29136</>	0	6
10045	Head	WitchHat	<$>29137</>	0	6
10046	Head	Bearhat3	<$>29138</>	0	6
10047	Head	FlowerBand	<$>29139</>	0	6
10048	Head	BunnyTail2	<$>29140</>	0	6
10049	Head	PumpkinHat	<$>29141</>	0	6
10050	Head	MouseHat1	<$>29142</>	0	6
10051	Head	MouseHat2	<$>29143</>	0	6
10052	Head	MouseHat3	<$>29144</>	0	6
10053	Head	RabbitHat	<$>29145</>	0	6
10054	Head	PlateHelm	<$>29146</>	0	6
10055	Head	IdgeHelm	<$>29147</>	0	6
10056	Head	TeriousHair	<$>29148</>	0	6
10057	Head	LayeredShaggyCut	<$>29149</>	0	6
10058	Head	SamuraiHat3	<$>29152</>	0	6
10059	Head	TeriousHair2	<$>29153</>	0	6
10060	Head	LayeredShaggyCut2	<$>29154</>	0	6
10061	Head	ClaramagoHair	<$>29155</>	0	6
10062	Head	Chapeaudeblanc	<$>29156</>	0	6
10063	Head	PantheraColback	<$>29157</>	0	6
10064	Head	WaveHair	<$>29158</>	0	6
10065	Head	VioletPonytail	<$>29159</>	0	6
10066	Head	WaveHair2	<$>29160</>	0	6
10067	Head	VioletPonytail2	<$>29161</>	0	6
10068	Head	Plait	<$>29162</>	0	6
10069	Head	GrayFeatherHat	<$>29163</>	0	6
10070	Head	ShortHair	<$>29164</>	0	6
10071	Head	Plait2	<$>29165</>	0	6
10072	Head	ShortHair2	<$>29166</>	0	6
10073	Head	ShaggyHair	<$>29167</>	0	6
10074	Head	VolumePerm	<$>29168</>	0	6
10075	Head	ShaggyHair2	<$>29169</>	0	6
10076	Head	VolumePerm2	<$>29170</>	0	6
10077	Head	DanddyAllback	<$>29171</>	0	6
10078	Head	DanddyAllback2	<$>29173</>	0	6
10079	Head	Sheephornhair2	<$>29174</>	0	6
10080	Head	CoronaLaVentisca	<$>29175</>	0	6
10081	Head	PirateHat	<$>29176</>	0	6
10082	Head	WarCookerHat	<$>29177</>	0	6
10083	Head	BattleSmithHat	<$>29178</>	0	6
10084	Head	SageHat	<$>29179</>	0	6
10085	Head	RaccoonHat	<$>29180</>	0	6
10086	Head	BellyDancerHair	<$>29181</>	0	6
10087	Head	PromenadeDressHat	<$>29182</>	0	6
10088	Head	LeafageSuitHat	<$>29183</>	0	6
10089	Head	AfloHair	<$>29184</>	0	6
10090	Head	ClaudeWig	<$>29185</>	0	6
10091	Head	ShalwarKamisHat	<$>29186</>	0	6
10092	Head	DetectiveHat	<$>29187</>	0	6
10093	Head	NaturalHair	<$>29188</>	0	6
10094	Head	LightHairBand	<$>29189</>	0	6
10095	Head	CoimCenturionHat	<$>29190</>	0	6
10096	Head	CenturionHat	<$>29191</>	0	6
10097	Head	OutrageousHat	<$>29192</>	0	6
10098	Head	RegimentUniformHat	<$>29193</>	0	6
10099	Head	DisDashaHat	<$>29194</>	0	6
10100	Head	KoreanClothesHat	<$>29195</>	0	6
10101	Head	KoreanClothesHatFGT	<$>29196</>	0	6
10102	Head	KoreanClothesHatMUS	<$>29197</>	0	6
10103	Head	DesperadoHat	<$>29198</>	0	6
10104	Head	KalidHat	<$>29199</>	0	6
10105	Head	ByzantkohlMask	<$>29200</>	0	6
10106	Head	BraidsHair	<$>29201</>	0	6
10107	Head	CockatriesHat	<$>29202</>	0	6
10108	Head	FairyBob_WAR	<$>29204</>	0	6
10109	Head	Layer_bob	<$>29205</>	0	6
10110	Head	Angel_Ring	<$>29208</>	0	6
10111	Head	CowHat_Female	<$>9748</>	0	6
10112	Head	CowHat_male	<$>9747</>	0	6
10113	Head	Curlwave_Hat_WAR	<$>29224</>	0	6
10114	Head	Bonnet_Hat_IDGE	<$>29225</>	0	6
10115	Head	GildedWolf_LOR	<$>29228</>	0	6
10116	Head	PrettyShort_Clair	<$>29236</>	0	6
10117	Head	WildBack_Nar	<$>29237</>	0	6
10118	Head	Glasses_FGT_M	<$>29278</>	0	6
10119	Head	Glasses_FGT_F	<$>29279</>	0	6
10120	Head	Glasses_WIZ_M	<$>29280</>	0	6
10121	Head	Glasses_WIZ_F	<$>29281</>	0	6
10122	Head	Glasses_SCT_M	<$>29282</>	0	6
10123	Head	Glasses_SCT_F	<$>29283</>	0	6
10124	Head	Glasses_MUS_M	<$>29284</>	0	6
10125	Head	Glasses_MUS_F	<$>29285</>	0	6
10126	Head	Glasses_WAR_M	<$>29286</>	0	6
10127	Head	Glasses_WAR_F	<$>29287</>	0	6
10128	Head	Gracielo_Headgear	<$>29288</>	0	6
10129	Head	Gracielo_Bandana	<$>29289</>	0	6
10130	Head	Gracielo_GreenIguana	<$>29290</>	0	6
10131	Head	Lorch_CircleGlasses	<$>29291</>	0	6
10132	Head	Lorch_NoseGlasses	<$>29292</>	0	6
10133	Head	Ramiro_Catface	<$>29293</>	0	6
10134	Head	Ramiro_FakeArrow	<$>29294</>	0	6
10135	Head	Ramiro_PhobitanCap	<$>29295</>	0	6
10136	Head	Alejandro_Octo1	<$>29296</>	0	6
10137	Head	Alejandro_Octo2	<$>29297</>	0	6
10138	Head	MBoma_Faceprint1	<$>29298</>	0	6
10139	Head	MBoma_Faceprint2	<$>29299</>	0	6
10140	Head	Sunglasses_FGT_M	<$>29303</>	0	6
10141	Head	Sunglasses_FGT_F	<$>29304</>	0	6
10142	Head	Sunglasses_WIZ_M	<$>29305</>	0	6
10143	Head	Sunglasses_WIZ_F	<$>29306</>	0	6
10144	Head	Sunglasses_SCT_M	<$>29307</>	0	6
10145	Head	Sunglasses_SCT_F	<$>29308</>	0	6
10146	Head	Sunglasses_MUS_M	<$>29309</>	0	6
10147	Head	Sunglasses_MUS_F	<$>29310</>	0	6
10148	Head	Sunglasses_WAR_M	<$>29311</>	0	6
10149	Head	Sunglasses_WAR_F	<$>29312</>	0	6
11001	Head	Hat	<$>29094</>	1	2763
11002	Head	RoundtopHat	<$>29095</>	1	2763
11003	Head	EngineerCap	<$>29096</>	1	2763
11004	Head	FencerHat	<$>29097</>	1	2763
11005	Head	MechanicCap	<$>29098</>	1	2763
11006	Head	Ironmask	<$>29099</>	1	2763
11007	Head	CamisaHat	<$>29100</>	1	2763
11008	Head	GladiatorHat	<$>29101</>	1	2763
11009	Head	PartyHat	<$>29102</>	1	2763
11010	Head	OperaHat	<$>29103</>	1	2763
11011	Head	OutingHat	<$>29104</>	1	2763
11012	Head	IrolinaHat	<$>29105</>	1	2763
11013	Head	AlbaesHat	<$>29106</>	1	2763
11014	Head	ClaramagoHat	<$>29107</>	1	2763
11015	Head	IvoryHomburg	<$>29108</>	1	2763
11016	Head	BluishFeatherHat	<$>29109</>	1	2763
11017	Head	PericoloHat	<$>29110</>	1	2762
11018	Head	MusketSidecap	<$>29111</>	1	2762
11019	Head	TriumphHorn	<$>29112</>	1	2762
11020	Head	BlackFeatherSidecap	<$>29113</>	1	2762
11021	Head	MusketTricornHat	<$>29114</>	1	2762
11022	Head	CorsairHat	<$>29115</>	1	2762
11023	Head	FireProtectorHat	<$>29116</>	1	2762
11024	Head	IceProtectorHat	<$>29117</>	1	2762
11025	Head	LightProtectorHat	<$>29118</>	1	2762
11026	Head	Shapka	<$>29119</>	1	2762
11027	Head	ElementalistHat	<$>29120</>	1	2762
11028	Head	AlegriasHat	<$>29121</>	1	2762
11029	Head	RosaRibon	<$>29122</>	1	2762
11030	Head	PanfiloHat	<$>29123</>	1	163
11031	Head	Hawkeyes	<$>29124</>	1	163
11032	Head	BlacksmithCap1	<$>29125</>	1	163
11033	Head	SnipersCap	<$>29126</>	1	163
11034	Head	TargaTurbun	<$>29127</>	1	163
11035	Head	SwordmanHelm	<$>29128</>	1	163
11036	Head	TrooperHelm	<$>29129</>	1	163
11037	Head	YeganehHat	<$>29130</>	1	163
11038	Head	DilosHat	<$>29131</>	1	163
11039	Head	MaidHairband	<$>14279</>	1	163
11040	Head	Bearhat	<$>29132</>	1	163
11041	Head	Bunnyband	<$>29133</>	1	163
11042	Head	Santahat	<$>29134</>	1	163
11043	Head	Rudolfhorn	<$>29135</>	1	163
11044	Head	Bearhat2	<$>29136</>	1	163
11045	Head	WitchHat	<$>29137</>	1	163
11046	Head	Bearhat3	<$>29138</>	1	163
11047	Head	FlowerBand	<$>29139</>	1	163
11048	Head	BunnyTail2	<$>29140</>	1	163
11049	Head	PumpkinHat	<$>29141</>	1	163
11050	Head	MouseHat1	<$>29142</>	1	163
11051	Head	MouseHat2	<$>29143</>	1	163
11052	Head	MouseHat3	<$>29144</>	1	163
11053	Head	RabbitHat	<$>29145</>	1	163
11054	Head	PlateHelm	<$>29146</>	1	163
11055	Head	IdgeHelm	<$>29147</>	1	163
11056	Head	TeriousHair	<$>29148</>	1	163
11057	Head	LayeredShaggyCut	<$>29149</>	1	163
11058	Head	SamuraiHat3	<$>29152</>	1	163
11059	Head	TeriousHair2	<$>29153</>	1	163
11060	Head	LayeredShaggyCut2	<$>29154</>	1	163
11061	Head	ClaramagoHair	<$>29155</>	1	163
11062	Head	Chapeaudeblanc	<$>29156</>	1	163
11063	Head	PantheraColback	<$>29157</>	1	163
11064	Head	WaveHair	<$>29158</>	1	163
11065	Head	VioletPonytail	<$>29159</>	1	163
11066	Head	WaveHair2	<$>29160</>	1	163
11067	Head	VioletPonytail2	<$>29161</>	1	163
11068	Head	Plait	<$>29162</>	1	163
11069	Head	GrayFeatherHat	<$>29163</>	1	163
11070	Head	ShortHair	<$>29164</>	1	163
11071	Head	Plait2	<$>29165</>	1	163
11072	Head	ShortHair2	<$>29166</>	1	163
11073	Head	ShaggyHair	<$>29167</>	1	163
11074	Head	VolumePerm	<$>29168</>	1	163
11075	Head	ShaggyHair2	<$>29169</>	1	163
11076	Head	VolumePerm2	<$>29170</>	1	163
11077	Head	DanddyAllback	<$>29171</>	1	163
11078	Head	DanddyAllback2	<$>29173</>	1	163
11079	Head	Sheephornhair2	<$>29174</>	1	163
11080	Head	CoronaLaVentisca	<$>29175</>	1	163
11081	Head	PirateHat	<$>29176</>	1	163
11082	Head	WarCookerHat	<$>29177</>	1	163
11083	Head	BattleSmithHat	<$>29178</>	1	163
11084	Head	SageHat	<$>29179</>	1	163
11085	Head	RaccoonHat	<$>29180</>	1	163
11086	Head	BellyDancerHair	<$>29181</>	1	163
11087	Head	PromenadeDressHat	<$>29182</>	1	163
11088	Head	LeafageSuitHat	<$>29183</>	1	163
11089	Head	AfloHair	<$>29184</>	1	163
11090	Head	ClaudeWig	<$>29185</>	1	163
11091	Head	ShalwarKamisHat	<$>29186</>	1	163
11092	Head	DetectiveHat	<$>29187</>	1	163
11093	Head	NaturalHair	<$>29188</>	1	163
11094	Head	LightHairBand	<$>29189</>	1	163
11095	Head	CoimCenturionHat	<$>29190</>	1	163
11096	Head	CenturionHat	<$>29191</>	1	163
11097	Head	OutrageousHat	<$>29192</>	1	163
11098	Head	RegimentUniformHat	<$>29193</>	1	163
11099	Head	DisDashaHat	<$>29194</>	1	163
11100	Head	KoreanClothesHat	<$>29195</>	1	163
11101	Head	KoreanClothesHatFGT	<$>29196</>	1	163
11102	Head	KoreanClothesHatMUS	<$>29197</>	1	163
11103	Head	DesperadoHat	<$>29198</>	1	163
11104	Head	KalidHat	<$>29199</>	1	163
11105	Head	ByzantkohlMask	<$>29200</>	1	163
11106	Head	BraidsHair	<$>29201</>	1	163
11107	Head	CockatriesHat	<$>29202</>	1	163
11108	Head	FairyBob_WAR	<$>29204</>	1	163
11109	Head	Layer_bob	<$>29205</>	1	163
11110	Head	Angel_Ring	<$>29208</>	1	163
11111	Head	CowHat_Female	<$>9748</>	1	163
11112	Head	CowHat_male	<$>9747</>	1	163
11113	Head	Curlwave_Hat_WAR	<$>29224</>	1	163
11114	Head	Bonnet_Hat_IDGE	<$>29225</>	1	163
11115	Head	GildedWolf_LOR	<$>29228</>	1	163
11116	Head	PrettyShort_Clair	<$>29236</>	1	163
11117	Head	WildBack_Nar	<$>29237</>	1	163
11118	Head	Glasses_FGT_M	<$>29278</>	1	163
11119	Head	Glasses_FGT_F	<$>29279</>	1	163
11120	Head	Glasses_WIZ_M	<$>29280</>	1	163
11121	Head	Glasses_WIZ_F	<$>29281</>	1	163
11122	Head	Glasses_SCT_M	<$>29282</>	1	163
11123	Head	Glasses_SCT_F	<$>29283</>	1	163
11124	Head	Glasses_MUS_M	<$>29284</>	1	163
11125	Head	Glasses_MUS_F	<$>29285</>	1	163
11126	Head	Glasses_WAR_M	<$>29286</>	1	163
11127	Head	Glasses_WAR_F	<$>29287</>	1	163
11128	Head	Gracielo_Headgear	<$>29288</>	1	163
11129	Head	Gracielo_Bandana	<$>29289</>	1	163
11130	Head	Gracielo_GreenIguana	<$>29290</>	1	163
11131	Head	Lorch_CircleGlasses	<$>29291</>	1	163
11132	Head	Lorch_NoseGlasses	<$>29292</>	1	163
11133	Head	Ramiro_Catface	<$>29293</>	1	163
11134	Head	Ramiro_FakeArrow	<$>29294</>	1	163
11135	Head	Ramiro_PhobitanCap	<$>29295</>	1	163
11136	Head	Alejandro_Octo1	<$>29296</>	1	163
11137	Head	Alejandro_Octo2	<$>29297</>	1	163
11138	Head	MBoma_Faceprint1	<$>29298</>	1	163
11139	Head	MBoma_Faceprint2	<$>29299</>	1	163
11142	Head	Sunglasses_FGT_M	<$>29303</>	1	163
11143	Head	Sunglasses_FGT_F	<$>29304</>	1	163
11144	Head	Sunglasses_WIZ_M	<$>29305</>	1	163
11145	Head	Sunglasses_WIZ_F	<$>29306</>	1	163
11146	Head	Sunglasses_SCT_M	<$>29307</>	1	163
11147	Head	Sunglasses_SCT_F	<$>29308</>	1	163
11148	Head	Sunglasses_MUS_M	<$>29309</>	1	163
11149	Head	Sunglasses_MUS_F	<$>29310</>	1	163
11150	Head	Sunglasses_WAR_M	<$>29311</>	1	163
11151	Head	Sunglasses_WAR_F	<$>29312</>	1	163
12001	Head	PanfiloHat	<$>29123</>	2	741
12002	Head	Hawkeyes	<$>29124</>	2	741
12003	Head	BlacksmithCap1	<$>29125</>	2	741
12004	Head	SnipersCap	<$>29126</>	2	741
12005	Head	TargaTurbun	<$>29127</>	2	741
12006	Head	SwordmanHelm	<$>29128</>	2	741
12007	Head	TrooperHelm	<$>29129</>	2	741
12008	Head	YeganehHat	<$>29130</>	2	741
12009	Head	DilosHat	<$>29131</>	2	741
12010	Head	MaidHairband	<$>14279</>	2	741
12011	Head	Bearhat	<$>29132</>	2	741
12012	Head	Bunnyband	<$>29133</>	2	741
12013	Head	Santahat	<$>29134</>	2	741
12014	Head	Rudolfhorn	<$>29135</>	2	741
12015	Head	Bearhat2	<$>29136</>	2	741
12016	Head	WitchHat	<$>29137</>	2	741
12017	Head	Bearhat3	<$>29138</>	2	741
12018	Head	FlowerBand	<$>29139</>	2	741
12019	Head	BunnyTail2	<$>29140</>	2	741
12020	Head	PumpkinHat	<$>29141</>	2	741
12021	Head	MouseHat1	<$>29142</>	2	741
12022	Head	MouseHat2	<$>29143</>	2	741
12023	Head	MouseHat3	<$>29144</>	2	741
12024	Head	RabbitHat	<$>29145</>	2	741
12025	Head	PlateHelm	<$>29146</>	2	741
12026	Head	IdgeHelm	<$>29147</>	2	741
12027	Head	TeriousHair	<$>29148</>	2	741
12028	Head	LayeredShaggyCut	<$>29149</>	2	741
12029	Head	SamuraiHat3	<$>29152</>	2	741
12030	Head	TeriousHair2	<$>29153</>	2	741
12031	Head	LayeredShaggyCut2	<$>29154</>	2	741
12032	Head	ClaramagoHair	<$>29155</>	2	741
12033	Head	Chapeaudeblanc	<$>29156</>	2	741
12034	Head	PantheraColback	<$>29157</>	2	741
12035	Head	WaveHair	<$>29158</>	2	741
12036	Head	VioletPonytail	<$>29159</>	2	741
12037	Head	WaveHair2	<$>29160</>	2	741
12038	Head	VioletPonytail2	<$>29161</>	2	741
12039	Head	Plait	<$>29162</>	2	741
12040	Head	GrayFeatherHat	<$>29163</>	2	741
12041	Head	ShortHair	<$>29164</>	2	741
12042	Head	Plait2	<$>29165</>	2	741
12043	Head	ShortHair2	<$>29166</>	2	741
12044	Head	ShaggyHair	<$>29167</>	2	741
12045	Head	VolumePerm	<$>29168</>	2	741
12046	Head	ShaggyHair2	<$>29169</>	2	741
12047	Head	VolumePerm2	<$>29170</>	2	741
12048	Head	DanddyAllback	<$>29171</>	2	741
12049	Head	DanddyAllback2	<$>29173</>	2	741
12050	Head	Sheephornhair2	<$>29174</>	2	741
12051	Head	CoronaLaVentisca	<$>29175</>	2	741
12052	Head	PirateHat	<$>29176</>	2	741
12053	Head	WarCookerHat	<$>29177</>	2	741
12054	Head	BattleSmithHat	<$>29178</>	2	741
12055	Head	SageHat	<$>29179</>	2	741
12056	Head	RaccoonHat	<$>29180</>	2	741
12057	Head	BellyDancerHair	<$>29181</>	2	741
12058	Head	PromenadeDressHat	<$>29182</>	2	741
12059	Head	LeafageSuitHat	<$>29183</>	2	741
12060	Head	AfloHair	<$>29184</>	2	741
12061	Head	ClaudeWig	<$>29185</>	2	741
12062	Head	ShalwarKamisHat	<$>29186</>	2	741
12063	Head	DetectiveHat	<$>29187</>	2	741
12064	Head	NaturalHair	<$>29188</>	2	741
12065	Head	LightHairBand	<$>29189</>	2	741
12066	Head	CoimCenturionHat	<$>29190</>	2	741
12067	Head	CenturionHat	<$>29191</>	2	741
12068	Head	OutrageousHat	<$>29192</>	2	741
12069	Head	RegimentUniformHat	<$>29193</>	2	741
12070	Head	DisDashaHat	<$>29194</>	2	741
12071	Head	KoreanClothesHat	<$>29195</>	2	741
12072	Head	KoreanClothesHatFGT	<$>29196</>	2	741
12073	Head	KoreanClothesHatMUS	<$>29197</>	2	741
12074	Head	DesperadoHat	<$>29198</>	2	741
12075	Head	KalidHat	<$>29199</>	2	742
12076	Head	ByzantkohlMask	<$>29200</>	2	742
12077	Head	BraidsHair	<$>29201</>	2	742
12078	Head	CockatriesHat	<$>29202</>	2	742
12079	Head	FairyBob_WAR	<$>29204</>	2	742
12080	Head	Layer_bob	<$>29205</>	2	742
12081	Head	Angel_Ring	<$>29208</>	2	742
12082	Head	CowHat_Female	<$>9748</>	2	742
12083	Head	CowHat_male	<$>9747</>	2	742
12084	Head	Curlwave_Hat_WAR	<$>29224</>	2	742
12085	Head	Bonnet_Hat_IDGE	<$>29225</>	2	742
12086	Head	GildedWolf_LOR	<$>29228</>	2	742
12087	Head	PrettyShort_Clair	<$>29236</>	2	742
12088	Head	WildBack_Nar	<$>29237</>	2	742
12089	Head	Glasses_FGT_M	<$>29278</>	2	742
12090	Head	Glasses_FGT_F	<$>29279</>	2	742
12091	Head	Glasses_WIZ_M	<$>29280</>	2	742
12092	Head	Glasses_WIZ_F	<$>29281</>	2	742
12093	Head	Glasses_SCT_M	<$>29282</>	2	742
12094	Head	Glasses_SCT_F	<$>29283</>	2	742
12095	Head	Glasses_MUS_M	<$>29284</>	2	742
12096	Head	Glasses_MUS_F	<$>29285</>	2	742
12097	Head	Glasses_WAR_M	<$>29286</>	2	742
12098	Head	Glasses_WAR_F	<$>29287</>	2	742
12099	Head	Gracielo_Headgear	<$>29288</>	2	742
12100	Head	Gracielo_Bandana	<$>29289</>	2	742
12101	Head	Gracielo_GreenIguana	<$>29290</>	2	742
12102	Head	Lorch_CircleGlasses	<$>29291</>	2	742
12103	Head	Lorch_NoseGlasses	<$>29292</>	2	742
12104	Head	Ramiro_Catface	<$>29293</>	2	742
12105	Head	Ramiro_FakeArrow	<$>29294</>	2	742
12106	Head	Ramiro_PhobitanCap	<$>29295</>	2	742
12107	Head	Alejandro_Octo1	<$>29296</>	2	742
12108	Head	Alejandro_Octo2	<$>29297</>	2	742
12109	Head	MBoma_Faceprint1	<$>29298</>	2	742
12110	Head	MBoma_Faceprint2	<$>29299</>	2	742
12113	Head	Sunglasses_FGT_M	<$>29303</>	2	742
12114	Head	Sunglasses_FGT_F	<$>29304</>	2	742
12115	Head	Sunglasses_WIZ_M	<$>29305</>	2	742
12116	Head	Sunglasses_WIZ_F	<$>29306</>	2	742
12117	Head	Sunglasses_SCT_M	<$>29307</>	2	742
12118	Head	Sunglasses_SCT_F	<$>29308</>	2	742
12119	Head	Sunglasses_MUS_M	<$>29309</>	2	742
12120	Head	Sunglasses_MUS_F	<$>29310</>	2	742
12121	Head	Sunglasses_WAR_M	<$>29311</>	2	742
12122	Head	Sunglasses_WAR_F	<$>29312</>	2	742
12123	Head	Milky_bob	<$>29209</>	2	186
12124	Head	BlaueSpiel_Hat	<$>29231</>	2	186
12125	Head	NaturalHalf_Romi	<$>29217</>	2	186
12126	Head	WildTale_Ania	<$>29241</>	2	186
12127	Head	AgioRegion_Hat	<$>29232</>	2	186
12128	Head	PiernoenteHat_FGT	<$>29210</>	2	186
12129	Head	AsuppRegion_Hat	<$>29233</>	2	186
12130	Head	Calienalbino_Hat_WIZ	<$>29220</>	2	186
12131	Head	MabroMetisHat_WIZ	<$>29226</>	2	186
12132	Head	MabroPeiraHat_WIZ	<$>29227</>	2	186
12133	Head	DeinClian_Hat_WIZ	<$>29222</>	2	186
12134	Head	Inviardeco_Hat_SCT	<$>29219</>	2	186
12135	Head	Variltorta_Hat_MUS	<$>29221</>	2	186
12136	Head	Camaryllis_Hat_MUS	<$>29218</>	2	186
12137	Head	BleRastere_Hat	<$>29234</>	2	186
12138	Head	PhshiRastere_Hat	<$>29235</>	2	186
12139	Head	Ruidestencia_Hat_WAR	<$>29223</>	2	186
12140	Head	OlgaPatricia_Hat_WAR	<$>29229</>	2	186
12141	Head	RosePatricia_Hat_WAR	<$>29230</>	2	186
12142	Head	Wild_LayeredShaggy	<$>29211</>	2	186
12143	Head	Ponytail_FGT	<$>29203</>	2	186
12144	Head	Gildedshaggy_FGT	<$>29207</>	2	186
12145	Head	Tight_arrange	<$>29206</>	2	186
12146	Head	NaturalWave_WIZ	<$>29213</>	2	186
12147	Head	WavePerm_WIZ	<$>29215</>	2	186
12148	Head	Sheephornhair	<$>29172</>	2	186
12149	Head	Scratch_WAR	<$>29214</>	2	186
12150	Head	ShaggyWolf_SCT	<$>29212</>	2	186
12151	Head	Shaggybob_SCT	<$>29216</>	2	186
12152	Head	RaidPhraxiHat	<$>29240</>	2	186
12153	Head	JadePhraxiHat	<$>29239</>	2	186
12154	Head	BlueSerpentM_WIZ	<$>29247</>	2	186
12155	Head	BlueserpentF_WIZ	<$>29248</>	2	186
12156	Head	WildBlare_Nar	<$>29238</>	2	186
12157	Head	Lavenderhat_Selva	<$>29246</>	2	186
12158	Head	SakuraHair_Asoka	<$>29251</>	2	186
12159	Head	GloriosaEye_Back	<$>29253</>	2	186
12160	Head	Gaurahair_Mikaza	<$>29252</>	2	186
12161	Head	CattleyaHair_Hellena	<$>29254</>	2	186
12162	Head	LordPlateHair_Grandma	<$>29255</>	2	186
12163	Head	BristianNobleHat_Garcia	<$>29256</>	2	186
12164	Head	LesCheveuxD_Beaut	<$>29258</>	2	186
12165	Head	GraceIxiaHat_Guns	<$>29257</>	2	186
12166	Head	VioleitaHat_Lunatic	<$>29260</>	2	186
12167	Head	BristianColonelHat_Eduardo	<$>29261</>	2	186
12168	Head	DelangeDelargent_Clair	<$>29319</>	2	186
12169	Head	lionnoblemask_JPN	<$>29316</>	2	186
12170	Head	sensationhead_JPN	<$>29318</>	2	186
12171	Head	chevrehair_JPN	<$>29317</>	2	186
12172	Head	Santahat_Adel	<$>29242</>	2	186
12173	Head	Santahat_Ber	<$>29243</>	2	186
12174	Head	Santahat_Emil	<$>29244</>	2	186
12175	Head	Santahat_Caly	<$>29245</>	2	186
12176	Head	TrifoliumHat_JPN	<$>29315</>	2	186
12177	Head	SB_Trooperscos	<$>29349</>	2	55
12178	Head	SWD_Insincerecos	<$>29350</>	2	55
12179	Head	SgnCrimecos	<$>29351</>	2	55
12180	Head	PlmAxeofliecos	<$>29352</>	2	55
12181	Head	hmslothcos	<$>29353</>	2	55
12182	Head	dggreedcos	<$>29354</>	2	55
12183	Head	RpImitatorcos	<$>29355</>	2	55
12184	Head	CbApostatecos	<$>29356</>	2	55
12185	Head	byunlawfulcos	<$>134569</>	2	55
12186	Head	cndetractorcos	<$>29358</>	2	55
12187	Head	gssoulzweicos	<$>29359</>	2	55
12188	Head	RvrRevengecos	<$>29360</>	2	55
12189	Head	LgdGluttonycos	<$>29361</>	2	55
12190	Head	nktemptcos	<$>29362</>	2	55
12191	Head	BctLustcos	<$>106818</>	2	55
12192	Head	CstAvengercos	<$>29364</>	2	55
12193	Head	TfWrathcos	<$>147901</>	2	55
12194	Head	ROD_Pridecos	<$>29366</>	2	55
